supplier_id,supplier_name,city,state,primary_category,max_monthly_capacity,avg_lead_time_days,response_rate,supplier_rating,years_in_business
S0001,Supplier 0001 Manufacturing,Mumbai,Maharashtra,Industrial Pumps,9512,10,0.49,4.5,22
S0002,Supplier 0002 Manufacturing,Pune,Maharashtra,Steel Brackets,14348,13,0.53,3.4,25
S0003,Supplier 0003 Manufacturing,Kolkata,West Bengal,Ball Valves,12903,5,0.7,4.7,20
S0004,Supplier 0004 Manufacturing,Ahmedabad,Gujarat,Sheet Metal Parts,12454,8,0.58,3.4,9
S0005,Supplier 0005 Manufacturing,Pune,Maharashtra,Hydraulic Cylinders,13645,11,0.39,4.8,19
S0006,Supplier 0006 Manufacturing,Nashik,Maharashtra,Sheet Metal Parts,3478,27,0.38,3.2,21
S0007,Supplier 0007 Manufacturing,Chennai,Tamil Nadu,Electric Motors,18628,30,0.94,4.4,4
S0008,Supplier 0008 Manufacturing,Kolkata,West Bengal,Conveyor Belts,5508,14,0.83,4.1,25
S0009,Supplier 0009 Manufacturing,Mumbai,Maharashtra,Steel Brackets,4707,24,0.65,4.1,9
S0010,Supplier 0010 Manufacturing,Pune,Maharashtra,Conveyor Belts,19782,10,0.35,4.4,2
S0011,Supplier 0011 Manufacturing,Delhi,Delhi,Electric Motors,16406,9,0.69,4.4,19
S0012,Supplier 0012 Manufacturing,Mumbai,Maharashtra,Industrial Pumps,13693,26,0.56,4.7,8
S0013,Supplier 0013 Manufacturing,Ahmedabad,Gujarat,Sheet Metal Parts,8685,30,0.93,3.9,18
S0014,Supplier 0014 Manufacturing,Hyderabad,Telangana,Sheet Metal Parts,16273,9,0.89,4.8,6
S0015,Supplier 0015 Manufacturing,Delhi,Delhi,Industrial Pumps,19478,26,0.69,4.5,2
S0016,Supplier 0016 Manufacturing,Nashik,Maharashtra,Ball Valves,19998,5,0.78,3.5,4
S0017,Supplier 0017 Manufacturing,Ahmedabad,Gujarat,Sheet Metal Parts,10860,27,0.94,3.0,20
S0018,Supplier 0018 Manufacturing,Kolkata,West Bengal,Electric Motors,17832,3,0.77,4.1,22
S0019,Supplier 0019 Manufacturing,Kolkata,West Bengal,Steel Brackets,9424,12,0.73,4.4,7
S0020,Supplier 0020 Manufacturing,Kolkata,West Bengal,Gearboxes,18879,3,0.42,4.9,23
S0021,Supplier 0021 Manufacturing,Hyderabad,Telangana,Steel Brackets,1870,12,0.58,4.9,2
S0022,Supplier 0022 Manufacturing,Nashik,Maharashtra,Gearboxes,1312,8,0.81,3.7,14
S0023,Supplier 0023 Manufacturing,Pune,Maharashtra,Conveyor Belts,13556,13,0.53,3.1,25
S0024,Supplier 0024 Manufacturing,Nagpur,Maharashtra,Gearboxes,11827,26,0.85,3.9,17
S0025,Supplier 0025 Manufacturing,Hyderabad,Telangana,Industrial Pumps,17536,28,0.69,4.4,24
S0026,Supplier 0026 Manufacturing,Ahmedabad,Gujarat,Steel Brackets,6786,16,0.77,3.8,24
S0027,Supplier 0027 Manufacturing,Delhi,Delhi,Gearboxes,19504,22,0.76,3.9,15
S0028,Supplier 0028 Manufacturing,Pune,Maharashtra,Conveyor Belts,16069,22,0.89,3.1,14
S0029,Supplier 0029 Manufacturing,Mumbai,Maharashtra,Sheet Metal Parts,4869,28,0.64,4.1,18
S0030,Supplier 0030 Manufacturing,Ahmedabad,Gujarat,Sheet Metal Parts,3038,25,0.53,3.5,11
S0031,Supplier 0031 Manufacturing,Hyderabad,Telangana,Gearboxes,19639,25,0.36,4.8,19
S0032,Supplier 0032 Manufacturing,Ahmedabad,Gujarat,Gearboxes,16413,3,0.59,4.3,13
S0033,Supplier 0033 Manufacturing,Chennai,Tamil Nadu,Steel Brackets,2147,11,0.59,3.4,11
S0034,Supplier 0034 Manufacturing,Pune,Maharashtra,Hydraulic Cylinders,7847,23,0.39,4.9,2
S0035,Supplier 0035 Manufacturing,Delhi,Delhi,Steel Brackets,16017,24,0.42,4.9,15
S0036,Supplier 0036 Manufacturing,Hyderabad,Telangana,Gearboxes,6998,5,0.72,4.7,8
S0037,Supplier 0037 Manufacturing,Hyderabad,Telangana,Hydraulic Cylinders,2759,19,0.76,3.0,14
S0038,Supplier 0038 Manufacturing,Kolkata,West Bengal,Electric Motors,18134,27,0.65,3.9,24
S0039,Supplier 0039 Manufacturing,Bengaluru,Karnataka,Steel Brackets,16476,9,0.57,3.5,9
S0040,Supplier 0040 Manufacturing,Delhi,Delhi,Gearboxes,8472,12,0.77,3.7,18
S0041,Supplier 0041 Manufacturing,Kolkata,West Bengal,Steel Brackets,6776,9,0.82,3.6,19
S0042,Supplier 0042 Manufacturing,Ahmedabad,Gujarat,Steel Brackets,16585,6,0.9,4.1,16
S0043,Supplier 0043 Manufacturing,Mumbai,Maharashtra,Industrial Pumps,5471,7,0.86,4.9,3
S0044,Supplier 0044 Manufacturing,Nagpur,Maharashtra,Conveyor Belts,17623,15,0.63,3.9,19
S0045,Supplier 0045 Manufacturing,Nashik,Maharashtra,Ball Valves,5629,3,0.61,4.4,16
S0046,Supplier 0046 Manufacturing,Nagpur,Maharashtra,Conveyor Belts,14430,6,0.69,4.3,9
S0047,Supplier 0047 Manufacturing,Nagpur,Maharashtra,Electric Motors,14890,6,0.65,3.6,13
S0048,Supplier 0048 Manufacturing,Delhi,Delhi,Industrial Pumps,9331,21,0.38,4.5,16
S0049,Supplier 0049 Manufacturing,Hyderabad,Telangana,Sheet Metal Parts,9944,24,0.95,4.6,18
S0050,Supplier 0050 Manufacturing,Mumbai,Maharashtra,Gearboxes,17362,29,0.97,4.3,18
S0051,Supplier 0051 Manufacturing,Kolkata,West Bengal,Steel Brackets,9938,17,0.9,4.0,1
S0052,Supplier 0052 Manufacturing,Kolkata,West Bengal,Electric Motors,14114,29,0.65,3.9,15
S0053,Supplier 0053 Manufacturing,Nagpur,Maharashtra,Sheet Metal Parts,5369,17,0.69,3.7,18
S0054,Supplier 0054 Manufacturing,Nashik,Maharashtra,Sheet Metal Parts,1713,7,0.67,4.2,4
S0055,Supplier 0055 Manufacturing,Ahmedabad,Gujarat,Hydraulic Cylinders,13524,23,0.4,3.7,22
S0056,Supplier 0056 Manufacturing,Mumbai,Maharashtra,Sheet Metal Parts,5951,25,0.54,3.1,11
S0057,Supplier 0057 Manufacturing,Delhi,Delhi,Gearboxes,19044,24,0.85,3.3,3
S0058,Supplier 0058 Manufacturing,Nashik,Maharashtra,Ball Valves,14974,14,0.97,3.6,14
S0059,Supplier 0059 Manufacturing,Hyderabad,Telangana,Electric Motors,765,21,0.89,4.6,2
S0060,Supplier 0060 Manufacturing,Chennai,Tamil Nadu,Industrial Pumps,19491,14,0.81,3.2,10
S0061,Supplier 0061 Manufacturing,Chennai,Tamil Nadu,Electric Motors,11599,28,0.42,4.9,5
S0062,Supplier 0062 Manufacturing,Ahmedabad,Gujarat,Ball Valves,15402,14,0.77,4.3,19
S0063,Supplier 0063 Manufacturing,Chennai,Tamil Nadu,Electric Motors,13879,6,0.44,4.9,10
S0064,Supplier 0064 Manufacturing,Kolkata,West Bengal,Gearboxes,19745,26,0.81,4.8,21
S0065,Supplier 0065 Manufacturing,Bengaluru,Karnataka,Conveyor Belts,15028,17,0.95,4.7,4
S0066,Supplier 0066 Manufacturing,Nashik,Maharashtra,Conveyor Belts,2748,29,0.83,3.4,7
S0067,Supplier 0067 Manufacturing,Nashik,Maharashtra,Steel Brackets,18201,11,0.85,3.2,1
S0068,Supplier 0068 Manufacturing,Pune,Maharashtra,Steel Brackets,9195,4,0.43,3.8,4
S0069,Supplier 0069 Manufacturing,Pune,Maharashtra,Sheet Metal Parts,13660,16,0.78,4.0,15
S0070,Supplier 0070 Manufacturing,Nashik,Maharashtra,Electric Motors,19681,20,0.8,3.8,20
S0071,Supplier 0071 Manufacturing,Hyderabad,Telangana,Ball Valves,10741,16,0.55,3.5,5
S0072,Supplier 0072 Manufacturing,Bengaluru,Karnataka,Gearboxes,2185,12,0.73,3.7,19
S0073,Supplier 0073 Manufacturing,Nagpur,Maharashtra,Industrial Pumps,9263,3,0.46,4.4,10
S0074,Supplier 0074 Manufacturing,Pune,Maharashtra,Ball Valves,17882,9,0.59,3.9,6
S0075,Supplier 0075 Manufacturing,Hyderabad,Telangana,Sheet Metal Parts,14984,16,0.52,4.5,4
S0076,Supplier 0076 Manufacturing,Nagpur,Maharashtra,Industrial Pumps,751,9,0.54,3.4,5
S0077,Supplier 0077 Manufacturing,Delhi,Delhi,Hydraulic Cylinders,2861,15,0.89,3.1,1
S0078,Supplier 0078 Manufacturing,Pune,Maharashtra,Hydraulic Cylinders,6131,28,0.95,3.9,23
S0079,Supplier 0079 Manufacturing,Bengaluru,Karnataka,Conveyor Belts,11413,27,0.46,4.0,4
S0080,Supplier 0080 Manufacturing,Nashik,Maharashtra,Sheet Metal Parts,15702,27,0.71,4.2,22
S0081,Supplier 0081 Manufacturing,Chennai,Tamil Nadu,Sheet Metal Parts,1732,4,0.58,3.6,21
S0082,Supplier 0082 Manufacturing,Nagpur,Maharashtra,Conveyor Belts,11035,22,0.65,3.3,2
S0083,Supplier 0083 Manufacturing,Chennai,Tamil Nadu,Steel Brackets,12424,14,0.93,3.8,25
S0084,Supplier 0084 Manufacturing,Nagpur,Maharashtra,Steel Brackets,11423,5,0.72,3.3,12
S0085,Supplier 0085 Manufacturing,Kolkata,West Bengal,Ball Valves,14374,19,0.58,3.7,6
S0086,Supplier 0086 Manufacturing,Nashik,Maharashtra,Ball Valves,10192,30,0.85,4.0,18
S0087,Supplier 0087 Manufacturing,Delhi,Delhi,Sheet Metal Parts,9836,27,0.82,3.9,18
S0088,Supplier 0088 Manufacturing,Nagpur,Maharashtra,Sheet Metal Parts,15628,27,0.53,3.8,17
S0089,Supplier 0089 Manufacturing,Kolkata,West Bengal,Ball Valves,9840,5,0.83,3.5,17
S0090,Supplier 0090 Manufacturing,Bengaluru,Karnataka,Industrial Pumps,14095,4,0.6,3.7,13
S0091,Supplier 0091 Manufacturing,Bengaluru,Karnataka,Steel Brackets,5008,4,0.53,4.7,23
S0092,Supplier 0092 Manufacturing,Ahmedabad,Gujarat,Conveyor Belts,5399,20,0.94,4.2,14
S0093,Supplier 0093 Manufacturing,Delhi,Delhi,Gearboxes,15478,5,0.42,4.8,20
S0094,Supplier 0094 Manufacturing,Mumbai,Maharashtra,Industrial Pumps,13294,30,0.65,4.3,12
S0095,Supplier 0095 Manufacturing,Kolkata,West Bengal,Hydraulic Cylinders,6237,29,0.84,3.9,23
S0096,Supplier 0096 Manufacturing,Delhi,Delhi,Industrial Pumps,10841,12,0.67,5.0,18
S0097,Supplier 0097 Manufacturing,Bengaluru,Karnataka,Gearboxes,13607,26,0.63,4.9,11
S0098,Supplier 0098 Manufacturing,Mumbai,Maharashtra,Gearboxes,3086,16,0.73,4.6,18
S0099,Supplier 0099 Manufacturing,Hyderabad,Telangana,Steel Brackets,15045,14,0.63,4.5,12
S0100,Supplier 0100 Manufacturing,Bengaluru,Karnataka,Hydraulic Cylinders,13045,21,0.37,3.3,15
S0101,Supplier 0101 Manufacturing,Delhi,Delhi,Ball Valves,1349,26,0.47,4.0,18
S0102,Supplier 0102 Manufacturing,Ahmedabad,Gujarat,Sheet Metal Parts,7059,6,0.44,3.1,6
S0103,Supplier 0103 Manufacturing,Nashik,Maharashtra,Conveyor Belts,16688,3,0.58,4.1,15
S0104,Supplier 0104 Manufacturing,Kolkata,West Bengal,Hydraulic Cylinders,4705,29,0.84,4.3,6
S0105,Supplier 0105 Manufacturing,Ahmedabad,Gujarat,Steel Brackets,5807,13,0.94,3.5,17
S0106,Supplier 0106 Manufacturing,Mumbai,Maharashtra,Steel Brackets,19892,21,0.45,4.3,24
S0107,Supplier 0107 Manufacturing,Ahmedabad,Gujarat,Sheet Metal Parts,8524,28,0.86,3.8,15
S0108,Supplier 0108 Manufacturing,Chennai,Tamil Nadu,Conveyor Belts,11647,22,0.44,4.7,11
S0109,Supplier 0109 Manufacturing,Pune,Maharashtra,Electric Motors,13087,30,0.74,3.5,6
S0110,Supplier 0110 Manufacturing,Mumbai,Maharashtra,Gearboxes,17062,17,0.96,3.4,12
S0111,Supplier 0111 Manufacturing,Chennai,Tamil Nadu,Electric Motors,18086,3,0.88,3.9,9
S0112,Supplier 0112 Manufacturing,Kolkata,West Bengal,Electric Motors,4393,7,0.96,3.8,11
S0113,Supplier 0113 Manufacturing,Kolkata,West Bengal,Steel Brackets,11246,22,0.55,3.8,20
S0114,Supplier 0114 Manufacturing,Pune,Maharashtra,Sheet Metal Parts,9200,23,0.84,4.6,19
S0115,Supplier 0115 Manufacturing,Nagpur,Maharashtra,Gearboxes,5342,29,0.78,3.1,23
S0116,Supplier 0116 Manufacturing,Nashik,Maharashtra,Gearboxes,7181,16,0.67,4.2,16
S0117,Supplier 0117 Manufacturing,Ahmedabad,Gujarat,Sheet Metal Parts,6800,10,0.53,3.6,10
S0118,Supplier 0118 Manufacturing,Kolkata,West Bengal,Gearboxes,13428,29,0.57,4.5,5
S0119,Supplier 0119 Manufacturing,Kolkata,West Bengal,Electric Motors,18916,25,0.52,3.2,24
S0120,Supplier 0120 Manufacturing,Nashik,Maharashtra,Industrial Pumps,18533,8,0.61,4.9,16
S0121,Supplier 0121 Manufacturing,Kolkata,West Bengal,Industrial Pumps,6236,16,0.91,3.4,2
S0122,Supplier 0122 Manufacturing,Kolkata,West Bengal,Sheet Metal Parts,4897,30,0.67,3.5,4
S0123,Supplier 0123 Manufacturing,Delhi,Delhi,Steel Brackets,13787,29,0.62,3.7,13
S0124,Supplier 0124 Manufacturing,Nagpur,Maharashtra,Industrial Pumps,9070,23,0.58,3.5,22
S0125,Supplier 0125 Manufacturing,Kolkata,West Bengal,Electric Motors,4347,23,0.93,3.6,20
S0126,Supplier 0126 Manufacturing,Nagpur,Maharashtra,Hydraulic Cylinders,14126,25,0.7,3.9,18
S0127,Supplier 0127 Manufacturing,Kolkata,West Bengal,Sheet Metal Parts,4308,24,0.48,4.2,3
S0128,Supplier 0128 Manufacturing,Pune,Maharashtra,Conveyor Belts,19450,5,0.38,3.7,3
S0129,Supplier 0129 Manufacturing,Hyderabad,Telangana,Gearboxes,3129,24,0.96,4.7,5
S0130,Supplier 0130 Manufacturing,Chennai,Tamil Nadu,Hydraulic Cylinders,5583,11,0.47,4.8,25
S0131,Supplier 0131 Manufacturing,Delhi,Delhi,Ball Valves,3806,22,0.37,4.2,23
S0132,Supplier 0132 Manufacturing,Kolkata,West Bengal,Conveyor Belts,2349,7,0.67,3.6,24
S0133,Supplier 0133 Manufacturing,Kolkata,West Bengal,Sheet Metal Parts,2036,14,0.94,4.3,17
S0134,Supplier 0134 Manufacturing,Nashik,Maharashtra,Sheet Metal Parts,2388,20,0.61,3.8,17
S0135,Supplier 0135 Manufacturing,Mumbai,Maharashtra,Sheet Metal Parts,12659,5,0.69,4.7,2
S0136,Supplier 0136 Manufacturing,Pune,Maharashtra,Conveyor Belts,6726,26,0.42,5.0,16
S0137,Supplier 0137 Manufacturing,Ahmedabad,Gujarat,Gearboxes,15778,20,0.76,3.6,12
S0138,Supplier 0138 Manufacturing,Ahmedabad,Gujarat,Gearboxes,10172,7,0.47,3.5,19
S0139,Supplier 0139 Manufacturing,Chennai,Tamil Nadu,Sheet Metal Parts,6012,26,0.85,3.3,24
S0140,Supplier 0140 Manufacturing,Kolkata,West Bengal,Sheet Metal Parts,12729,4,0.74,4.3,20
S0141,Supplier 0141 Manufacturing,Ahmedabad,Gujarat,Electric Motors,1061,19,0.86,4.3,6
S0142,Supplier 0142 Manufacturing,Kolkata,West Bengal,Electric Motors,12114,11,0.85,3.2,13
S0143,Supplier 0143 Manufacturing,Hyderabad,Telangana,Sheet Metal Parts,2338,23,0.36,3.3,16
S0144,Supplier 0144 Manufacturing,Ahmedabad,Gujarat,Industrial Pumps,6377,30,0.55,4.9,19
S0145,Supplier 0145 Manufacturing,Delhi,Delhi,Gearboxes,18213,13,0.59,4.5,23
S0146,Supplier 0146 Manufacturing,Chennai,Tamil Nadu,Sheet Metal Parts,7975,14,0.7,3.8,6
S0147,Supplier 0147 Manufacturing,Mumbai,Maharashtra,Industrial Pumps,10601,17,0.58,3.5,5
S0148,Supplier 0148 Manufacturing,Kolkata,West Bengal,Gearboxes,3884,3,0.41,4.1,20
S0149,Supplier 0149 Manufacturing,Ahmedabad,Gujarat,Electric Motors,16658,7,0.39,3.9,14
S0150,Supplier 0150 Manufacturing,Ahmedabad,Gujarat,Industrial Pumps,13466,13,0.88,3.8,11
S0151,Supplier 0151 Manufacturing,Bengaluru,Karnataka,Electric Motors,16589,21,0.84,3.7,9
S0152,Supplier 0152 Manufacturing,Chennai,Tamil Nadu,Electric Motors,2766,29,0.88,4.6,22
S0153,Supplier 0153 Manufacturing,Nagpur,Maharashtra,Sheet Metal Parts,19578,15,0.69,4.8,23
S0154,Supplier 0154 Manufacturing,Bengaluru,Karnataka,Steel Brackets,1951,21,0.97,4.4,13
S0155,Supplier 0155 Manufacturing,Chennai,Tamil Nadu,Steel Brackets,11803,3,0.65,3.6,3
S0156,Supplier 0156 Manufacturing,Delhi,Delhi,Sheet Metal Parts,11913,18,0.41,4.4,15
S0157,Supplier 0157 Manufacturing,Nashik,Maharashtra,Conveyor Belts,17408,8,0.7,3.7,14
S0158,Supplier 0158 Manufacturing,Delhi,Delhi,Sheet Metal Parts,19905,16,0.59,4.4,7
S0159,Supplier 0159 Manufacturing,Chennai,Tamil Nadu,Hydraulic Cylinders,13234,22,0.6,3.2,12
S0160,Supplier 0160 Manufacturing,Nashik,Maharashtra,Hydraulic Cylinders,5132,19,0.59,4.2,19
S0161,Supplier 0161 Manufacturing,Nashik,Maharashtra,Hydraulic Cylinders,15278,22,0.38,3.7,1
S0162,Supplier 0162 Manufacturing,Chennai,Tamil Nadu,Sheet Metal Parts,5980,5,0.71,4.6,8
S0163,Supplier 0163 Manufacturing,Mumbai,Maharashtra,Ball Valves,9278,27,0.69,5.0,18
S0164,Supplier 0164 Manufacturing,Delhi,Delhi,Electric Motors,1556,17,0.52,4.7,3
S0165,Supplier 0165 Manufacturing,Delhi,Delhi,Conveyor Belts,2445,21,0.57,3.6,18
S0166,Supplier 0166 Manufacturing,Kolkata,West Bengal,Ball Valves,4942,27,0.84,4.8,9
S0167,Supplier 0167 Manufacturing,Mumbai,Maharashtra,Gearboxes,17395,26,0.53,4.9,12
S0168,Supplier 0168 Manufacturing,Delhi,Delhi,Gearboxes,7441,18,0.52,4.7,11
S0169,Supplier 0169 Manufacturing,Chennai,Tamil Nadu,Industrial Pumps,14518,9,0.98,4.8,21
S0170,Supplier 0170 Manufacturing,Nashik,Maharashtra,Industrial Pumps,13487,23,0.54,4.4,8
S0171,Supplier 0171 Manufacturing,Chennai,Tamil Nadu,Industrial Pumps,764,25,0.57,3.2,14
S0172,Supplier 0172 Manufacturing,Nashik,Maharashtra,Ball Valves,17883,21,0.36,4.3,15
S0173,Supplier 0173 Manufacturing,Mumbai,Maharashtra,Gearboxes,12019,16,0.55,3.3,9
S0174,Supplier 0174 Manufacturing,Delhi,Delhi,Sheet Metal Parts,13144,6,0.5,4.3,3
S0175,Supplier 0175 Manufacturing,Ahmedabad,Gujarat,Conveyor Belts,1805,4,0.95,3.8,10
S0176,Supplier 0176 Manufacturing,Mumbai,Maharashtra,Electric Motors,14835,26,0.95,3.5,8
S0177,Supplier 0177 Manufacturing,Pune,Maharashtra,Electric Motors,6255,6,0.36,3.3,1
S0178,Supplier 0178 Manufacturing,Nashik,Maharashtra,Electric Motors,4368,27,0.92,3.7,14
S0179,Supplier 0179 Manufacturing,Pune,Maharashtra,Sheet Metal Parts,19075,8,0.58,3.5,4
S0180,Supplier 0180 Manufacturing,Pune,Maharashtra,Gearboxes,7856,13,0.51,4.8,11
S0181,Supplier 0181 Manufacturing,Hyderabad,Telangana,Ball Valves,15740,30,0.53,4.7,11
S0182,Supplier 0182 Manufacturing,Nagpur,Maharashtra,Electric Motors,8448,17,0.58,4.9,25
S0183,Supplier 0183 Manufacturing,Delhi,Delhi,Hydraulic Cylinders,814,13,0.35,4.3,24
S0184,Supplier 0184 Manufacturing,Kolkata,West Bengal,Gearboxes,12705,17,0.96,3.2,4
S0185,Supplier 0185 Manufacturing,Bengaluru,Karnataka,Hydraulic Cylinders,15335,11,0.5,4.9,5
S0186,Supplier 0186 Manufacturing,Ahmedabad,Gujarat,Ball Valves,3462,8,0.86,3.6,23
S0187,Supplier 0187 Manufacturing,Chennai,Tamil Nadu,Conveyor Belts,3603,17,0.41,4.6,4
S0188,Supplier 0188 Manufacturing,Hyderabad,Telangana,Hydraulic Cylinders,3253,21,0.72,4.8,3
S0189,Supplier 0189 Manufacturing,Nashik,Maharashtra,Ball Valves,11364,6,0.38,3.9,6
S0190,Supplier 0190 Manufacturing,Nashik,Maharashtra,Industrial Pumps,8553,23,0.54,3.8,18
S0191,Supplier 0191 Manufacturing,Kolkata,West Bengal,Industrial Pumps,13033,28,0.8,4.0,16
S0192,Supplier 0192 Manufacturing,Chennai,Tamil Nadu,Hydraulic Cylinders,19636,10,0.96,3.2,22
S0193,Supplier 0193 Manufacturing,Hyderabad,Telangana,Hydraulic Cylinders,6192,8,0.5,3.6,24
S0194,Supplier 0194 Manufacturing,Delhi,Delhi,Conveyor Belts,1153,19,0.65,3.7,20
S0195,Supplier 0195 Manufacturing,Pune,Maharashtra,Steel Brackets,19722,25,0.93,4.5,17
S0196,Supplier 0196 Manufacturing,Nashik,Maharashtra,Gearboxes,16464,23,0.55,4.4,18
S0197,Supplier 0197 Manufacturing,Nagpur,Maharashtra,Conveyor Belts,19031,6,0.94,3.3,24
S0198,Supplier 0198 Manufacturing,Mumbai,Maharashtra,Hydraulic Cylinders,15135,3,0.52,3.5,3
S0199,Supplier 0199 Manufacturing,Hyderabad,Telangana,Hydraulic Cylinders,18392,15,0.41,4.0,19
S0200,Supplier 0200 Manufacturing,Hyderabad,Telangana,Steel Brackets,2957,20,0.94,5.0,11
S0201,Supplier 0201 Manufacturing,Kolkata,West Bengal,Electric Motors,9724,12,0.5,3.1,19
S0202,Supplier 0202 Manufacturing,Nashik,Maharashtra,Electric Motors,3184,18,0.88,3.6,13
S0203,Supplier 0203 Manufacturing,Nashik,Maharashtra,Sheet Metal Parts,1962,11,0.63,3.5,9
S0204,Supplier 0204 Manufacturing,Kolkata,West Bengal,Sheet Metal Parts,19266,10,0.65,3.2,23
S0205,Supplier 0205 Manufacturing,Delhi,Delhi,Conveyor Belts,4634,4,0.62,5.0,14
S0206,Supplier 0206 Manufacturing,Mumbai,Maharashtra,Ball Valves,13217,20,0.6,3.7,9
S0207,Supplier 0207 Manufacturing,Hyderabad,Telangana,Electric Motors,13051,23,0.66,4.2,2
S0208,Supplier 0208 Manufacturing,Hyderabad,Telangana,Industrial Pumps,13469,13,0.79,3.1,16
S0209,Supplier 0209 Manufacturing,Ahmedabad,Gujarat,Sheet Metal Parts,11014,11,0.81,4.2,3
S0210,Supplier 0210 Manufacturing,Kolkata,West Bengal,Hydraulic Cylinders,2341,19,0.85,3.1,23
S0211,Supplier 0211 Manufacturing,Bengaluru,Karnataka,Sheet Metal Parts,17051,15,0.75,3.2,1
S0212,Supplier 0212 Manufacturing,Chennai,Tamil Nadu,Hydraulic Cylinders,11780,8,0.88,3.5,23
S0213,Supplier 0213 Manufacturing,Nagpur,Maharashtra,Conveyor Belts,7753,23,0.49,3.4,21
S0214,Supplier 0214 Manufacturing,Ahmedabad,Gujarat,Electric Motors,14387,15,0.89,3.9,7
S0215,Supplier 0215 Manufacturing,Chennai,Tamil Nadu,Ball Valves,11519,11,0.75,4.7,9
S0216,Supplier 0216 Manufacturing,Hyderabad,Telangana,Gearboxes,13222,26,0.37,4.4,19
S0217,Supplier 0217 Manufacturing,Kolkata,West Bengal,Electric Motors,6070,29,0.76,4.1,10
S0218,Supplier 0218 Manufacturing,Kolkata,West Bengal,Steel Brackets,11498,23,0.41,3.7,24
S0219,Supplier 0219 Manufacturing,Nagpur,Maharashtra,Ball Valves,15973,9,0.67,4.7,13
S0220,Supplier 0220 Manufacturing,Mumbai,Maharashtra,Sheet Metal Parts,11399,23,0.97,3.6,2
S0221,Supplier 0221 Manufacturing,Nashik,Maharashtra,Sheet Metal Parts,3384,7,0.74,4.3,13
S0222,Supplier 0222 Manufacturing,Kolkata,West Bengal,Conveyor Belts,1087,24,0.35,4.5,8
S0223,Supplier 0223 Manufacturing,Nashik,Maharashtra,Hydraulic Cylinders,16562,14,0.82,3.3,13
S0224,Supplier 0224 Manufacturing,Pune,Maharashtra,Steel Brackets,4535,14,0.8,4.6,13
S0225,Supplier 0225 Manufacturing,Chennai,Tamil Nadu,Steel Brackets,7233,25,0.78,3.0,14
S0226,Supplier 0226 Manufacturing,Delhi,Delhi,Conveyor Belts,9117,29,0.68,3.4,23
S0227,Supplier 0227 Manufacturing,Pune,Maharashtra,Ball Valves,4118,29,0.71,4.0,3
S0228,Supplier 0228 Manufacturing,Bengaluru,Karnataka,Gearboxes,4297,6,0.89,4.8,1
S0229,Supplier 0229 Manufacturing,Ahmedabad,Gujarat,Ball Valves,12710,29,0.57,3.2,13
S0230,Supplier 0230 Manufacturing,Pune,Maharashtra,Steel Brackets,3898,16,0.92,4.0,19
S0231,Supplier 0231 Manufacturing,Bengaluru,Karnataka,Industrial Pumps,17697,27,0.82,4.4,8
S0232,Supplier 0232 Manufacturing,Nashik,Maharashtra,Sheet Metal Parts,16747,30,0.45,4.5,11
S0233,Supplier 0233 Manufacturing,Kolkata,West Bengal,Gearboxes,13714,29,0.5,3.9,19
S0234,Supplier 0234 Manufacturing,Pune,Maharashtra,Industrial Pumps,3478,28,0.73,4.2,10
S0235,Supplier 0235 Manufacturing,Delhi,Delhi,Industrial Pumps,11685,14,0.87,4.9,10
S0236,Supplier 0236 Manufacturing,Chennai,Tamil Nadu,Conveyor Belts,11573,6,0.83,3.1,21
S0237,Supplier 0237 Manufacturing,Nashik,Maharashtra,Steel Brackets,4706,6,0.59,4.2,11
S0238,Supplier 0238 Manufacturing,Kolkata,West Bengal,Conveyor Belts,7082,9,0.74,3.6,12
S0239,Supplier 0239 Manufacturing,Pune,Maharashtra,Gearboxes,5262,4,0.77,3.4,25
S0240,Supplier 0240 Manufacturing,Ahmedabad,Gujarat,Conveyor Belts,18233,4,0.58,3.9,20
S0241,Supplier 0241 Manufacturing,Delhi,Delhi,Sheet Metal Parts,7890,23,0.79,4.3,25
S0242,Supplier 0242 Manufacturing,Kolkata,West Bengal,Electric Motors,4762,8,0.72,3.5,11
S0243,Supplier 0243 Manufacturing,Bengaluru,Karnataka,Ball Valves,10915,19,0.49,3.4,3
S0244,Supplier 0244 Manufacturing,Pune,Maharashtra,Ball Valves,11837,17,0.5,4.3,20
S0245,Supplier 0245 Manufacturing,Ahmedabad,Gujarat,Electric Motors,1309,19,0.87,3.7,17
S0246,Supplier 0246 Manufacturing,Kolkata,West Bengal,Industrial Pumps,2645,9,0.77,4.5,22
S0247,Supplier 0247 Manufacturing,Bengaluru,Karnataka,Industrial Pumps,3367,5,0.38,4.6,18
S0248,Supplier 0248 Manufacturing,Hyderabad,Telangana,Gearboxes,10867,3,0.6,3.2,1
S0249,Supplier 0249 Manufacturing,Pune,Maharashtra,Sheet Metal Parts,5622,20,0.49,4.5,18
S0250,Supplier 0250 Manufacturing,Nagpur,Maharashtra,Gearboxes,18101,20,0.95,3.6,24
S0251,Supplier 0251 Manufacturing,Nagpur,Maharashtra,Industrial Pumps,18484,17,0.76,3.1,22
S0252,Supplier 0252 Manufacturing,Chennai,Tamil Nadu,Hydraulic Cylinders,12202,7,0.77,3.5,10
S0253,Supplier 0253 Manufacturing,Bengaluru,Karnataka,Conveyor Belts,7758,25,0.82,3.9,12
S0254,Supplier 0254 Manufacturing,Ahmedabad,Gujarat,Sheet Metal Parts,18577,6,0.46,4.2,9
S0255,Supplier 0255 Manufacturing,Pune,Maharashtra,Industrial Pumps,19567,21,0.61,4.2,2
S0256,Supplier 0256 Manufacturing,Delhi,Delhi,Steel Brackets,17347,7,0.63,3.4,19
S0257,Supplier 0257 Manufacturing,Bengaluru,Karnataka,Gearboxes,15890,17,0.91,3.1,21
S0258,Supplier 0258 Manufacturing,Mumbai,Maharashtra,Electric Motors,12831,10,0.68,3.7,12
S0259,Supplier 0259 Manufacturing,Nashik,Maharashtra,Steel Brackets,12369,22,0.8,3.2,8
S0260,Supplier 0260 Manufacturing,Hyderabad,Telangana,Industrial Pumps,8484,4,0.43,4.2,5
S0261,Supplier 0261 Manufacturing,Chennai,Tamil Nadu,Sheet Metal Parts,6089,10,0.87,4.2,19
S0262,Supplier 0262 Manufacturing,Nagpur,Maharashtra,Ball Valves,8030,15,0.59,3.2,7
S0263,Supplier 0263 Manufacturing,Bengaluru,Karnataka,Industrial Pumps,17861,16,0.49,4.6,25
S0264,Supplier 0264 Manufacturing,Kolkata,West Bengal,Gearboxes,8947,9,0.35,4.5,1
S0265,Supplier 0265 Manufacturing,Nagpur,Maharashtra,Hydraulic Cylinders,9529,24,0.6,3.4,18
S0266,Supplier 0266 Manufacturing,Chennai,Tamil Nadu,Steel Brackets,3785,9,0.67,4.6,18
S0267,Supplier 0267 Manufacturing,Mumbai,Maharashtra,Industrial Pumps,13093,15,0.74,4.0,23
S0268,Supplier 0268 Manufacturing,Pune,Maharashtra,Hydraulic Cylinders,8339,23,0.35,3.3,9
S0269,Supplier 0269 Manufacturing,Kolkata,West Bengal,Hydraulic Cylinders,11886,29,0.52,4.2,7
S0270,Supplier 0270 Manufacturing,Mumbai,Maharashtra,Electric Motors,18126,29,0.85,3.5,15
S0271,Supplier 0271 Manufacturing,Mumbai,Maharashtra,Gearboxes,7721,24,0.79,4.6,14
S0272,Supplier 0272 Manufacturing,Chennai,Tamil Nadu,Hydraulic Cylinders,12084,9,0.91,3.5,24
S0273,Supplier 0273 Manufacturing,Mumbai,Maharashtra,Sheet Metal Parts,717,27,0.89,4.9,16
S0274,Supplier 0274 Manufacturing,Pune,Maharashtra,Gearboxes,16173,20,0.37,3.7,22
S0275,Supplier 0275 Manufacturing,Pune,Maharashtra,Industrial Pumps,7405,15,0.72,3.7,20
S0276,Supplier 0276 Manufacturing,Delhi,Delhi,Gearboxes,12699,14,0.89,3.6,6
S0277,Supplier 0277 Manufacturing,Chennai,Tamil Nadu,Steel Brackets,17441,20,0.8,4.6,10
S0278,Supplier 0278 Manufacturing,Mumbai,Maharashtra,Sheet Metal Parts,11466,11,0.58,4.1,9
S0279,Supplier 0279 Manufacturing,Kolkata,West Bengal,Sheet Metal Parts,15145,5,0.59,3.6,21
S0280,Supplier 0280 Manufacturing,Nagpur,Maharashtra,Gearboxes,2837,5,0.45,3.5,11
S0281,Supplier 0281 Manufacturing,Ahmedabad,Gujarat,Ball Valves,7400,8,0.6,3.2,16
S0282,Supplier 0282 Manufacturing,Ahmedabad,Gujarat,Sheet Metal Parts,4642,7,0.68,3.3,2
S0283,Supplier 0283 Manufacturing,Kolkata,West Bengal,Electric Motors,11876,18,0.69,4.6,15
S0284,Supplier 0284 Manufacturing,Ahmedabad,Gujarat,Sheet Metal Parts,18034,3,0.78,4.0,25
S0285,Supplier 0285 Manufacturing,Kolkata,West Bengal,Gearboxes,13435,10,0.45,4.5,13
S0286,Supplier 0286 Manufacturing,Kolkata,West Bengal,Electric Motors,14030,9,0.89,3.4,10
S0287,Supplier 0287 Manufacturing,Chennai,Tamil Nadu,Conveyor Belts,11006,3,0.45,4.9,1
S0288,Supplier 0288 Manufacturing,Chennai,Tamil Nadu,Industrial Pumps,8128,5,0.44,4.0,11
S0289,Supplier 0289 Manufacturing,Ahmedabad,Gujarat,Gearboxes,2839,20,0.65,3.4,9
S0290,Supplier 0290 Manufacturing,Mumbai,Maharashtra,Conveyor Belts,15993,15,0.78,3.6,11
S0291,Supplier 0291 Manufacturing,Ahmedabad,Gujarat,Conveyor Belts,12310,4,0.89,3.4,4
S0292,Supplier 0292 Manufacturing,Ahmedabad,Gujarat,Ball Valves,13469,28,0.5,4.9,19
S0293,Supplier 0293 Manufacturing,Nashik,Maharashtra,Ball Valves,4623,18,0.5,5.0,21
S0294,Supplier 0294 Manufacturing,Chennai,Tamil Nadu,Electric Motors,18284,25,0.66,4.1,18
S0295,Supplier 0295 Manufacturing,Ahmedabad,Gujarat,Hydraulic Cylinders,15379,3,0.84,4.0,24
S0296,Supplier 0296 Manufacturing,Mumbai,Maharashtra,Gearboxes,6721,19,0.78,4.5,5
S0297,Supplier 0297 Manufacturing,Mumbai,Maharashtra,Sheet Metal Parts,6778,6,0.37,4.3,13
S0298,Supplier 0298 Manufacturing,Kolkata,West Bengal,Gearboxes,12593,28,0.8,4.6,9
S0299,Supplier 0299 Manufacturing,Delhi,Delhi,Steel Brackets,18798,26,0.7,4.5,25
S0300,Supplier 0300 Manufacturing,Bengaluru,Karnataka,Gearboxes,14609,29,0.81,4.2,19
S0301,Supplier 0301 Manufacturing,Ahmedabad,Gujarat,Conveyor Belts,7539,30,0.55,4.5,23
S0302,Supplier 0302 Manufacturing,Nagpur,Maharashtra,Conveyor Belts,8134,11,0.86,3.2,13
S0303,Supplier 0303 Manufacturing,Hyderabad,Telangana,Gearboxes,4449,30,0.84,4.5,20
S0304,Supplier 0304 Manufacturing,Bengaluru,Karnataka,Steel Brackets,11209,19,0.79,3.3,22
S0305,Supplier 0305 Manufacturing,Kolkata,West Bengal,Gearboxes,9103,5,0.6,3.9,23
S0306,Supplier 0306 Manufacturing,Nagpur,Maharashtra,Conveyor Belts,18888,22,0.98,4.0,8
S0307,Supplier 0307 Manufacturing,Mumbai,Maharashtra,Ball Valves,14052,16,0.58,3.4,12
S0308,Supplier 0308 Manufacturing,Mumbai,Maharashtra,Ball Valves,2287,10,0.95,4.9,10
S0309,Supplier 0309 Manufacturing,Pune,Maharashtra,Hydraulic Cylinders,7348,26,0.69,3.4,17
S0310,Supplier 0310 Manufacturing,Delhi,Delhi,Electric Motors,2239,17,0.76,3.0,13
S0311,Supplier 0311 Manufacturing,Mumbai,Maharashtra,Steel Brackets,7016,19,0.96,4.1,23
S0312,Supplier 0312 Manufacturing,Chennai,Tamil Nadu,Gearboxes,5644,3,0.57,3.7,21
S0313,Supplier 0313 Manufacturing,Bengaluru,Karnataka,Gearboxes,4997,5,0.81,4.0,22
S0314,Supplier 0314 Manufacturing,Delhi,Delhi,Steel Brackets,10625,25,0.79,4.0,5
S0315,Supplier 0315 Manufacturing,Pune,Maharashtra,Hydraulic Cylinders,14067,16,0.54,4.5,21
S0316,Supplier 0316 Manufacturing,Bengaluru,Karnataka,Ball Valves,16117,7,0.67,4.2,23
S0317,Supplier 0317 Manufacturing,Delhi,Delhi,Conveyor Belts,2667,8,0.93,5.0,20
S0318,Supplier 0318 Manufacturing,Nagpur,Maharashtra,Industrial Pumps,17560,6,0.63,4.7,2
S0319,Supplier 0319 Manufacturing,Pune,Maharashtra,Conveyor Belts,10041,17,0.6,3.6,10
S0320,Supplier 0320 Manufacturing,Kolkata,West Bengal,Ball Valves,6390,27,0.72,4.8,18
S0321,Supplier 0321 Manufacturing,Nashik,Maharashtra,Sheet Metal Parts,19843,25,0.91,4.8,3
S0322,Supplier 0322 Manufacturing,Hyderabad,Telangana,Steel Brackets,12908,20,0.59,4.5,11
S0323,Supplier 0323 Manufacturing,Nashik,Maharashtra,Conveyor Belts,615,22,0.83,3.0,16
S0324,Supplier 0324 Manufacturing,Nagpur,Maharashtra,Industrial Pumps,8518,20,0.53,4.3,7
S0325,Supplier 0325 Manufacturing,Pune,Maharashtra,Steel Brackets,1562,24,0.71,4.2,11
S0326,Supplier 0326 Manufacturing,Ahmedabad,Gujarat,Steel Brackets,15420,26,0.71,4.9,3
S0327,Supplier 0327 Manufacturing,Mumbai,Maharashtra,Electric Motors,11287,19,0.61,3.4,7
S0328,Supplier 0328 Manufacturing,Nagpur,Maharashtra,Hydraulic Cylinders,4750,22,0.7,4.0,21
S0329,Supplier 0329 Manufacturing,Mumbai,Maharashtra,Conveyor Belts,14086,16,0.38,3.7,21
S0330,Supplier 0330 Manufacturing,Mumbai,Maharashtra,Electric Motors,10339,19,0.7,4.5,4
S0331,Supplier 0331 Manufacturing,Nashik,Maharashtra,Sheet Metal Parts,5591,23,0.64,4.7,11
S0332,Supplier 0332 Manufacturing,Bengaluru,Karnataka,Hydraulic Cylinders,2669,7,0.53,3.1,13
S0333,Supplier 0333 Manufacturing,Ahmedabad,Gujarat,Conveyor Belts,17706,12,0.46,3.7,2
S0334,Supplier 0334 Manufacturing,Chennai,Tamil Nadu,Steel Brackets,6732,13,0.93,4.5,17
S0335,Supplier 0335 Manufacturing,Kolkata,West Bengal,Ball Valves,634,12,0.94,4.4,20
S0336,Supplier 0336 Manufacturing,Ahmedabad,Gujarat,Industrial Pumps,19425,27,0.55,4.8,11
S0337,Supplier 0337 Manufacturing,Chennai,Tamil Nadu,Ball Valves,9434,7,0.45,3.2,20
S0338,Supplier 0338 Manufacturing,Nagpur,Maharashtra,Hydraulic Cylinders,18213,17,0.38,3.1,22
S0339,Supplier 0339 Manufacturing,Hyderabad,Telangana,Steel Brackets,19923,23,0.88,4.4,20
S0340,Supplier 0340 Manufacturing,Chennai,Tamil Nadu,Ball Valves,15428,12,0.78,4.4,15
S0341,Supplier 0341 Manufacturing,Bengaluru,Karnataka,Hydraulic Cylinders,15353,18,0.37,4.0,12
S0342,Supplier 0342 Manufacturing,Mumbai,Maharashtra,Hydraulic Cylinders,18723,23,0.39,3.6,15
S0343,Supplier 0343 Manufacturing,Nagpur,Maharashtra,Gearboxes,14765,21,0.85,4.1,8
S0344,Supplier 0344 Manufacturing,Chennai,Tamil Nadu,Hydraulic Cylinders,18689,6,0.87,3.4,13
S0345,Supplier 0345 Manufacturing,Pune,Maharashtra,Ball Valves,7630,29,0.44,4.2,25
S0346,Supplier 0346 Manufacturing,Bengaluru,Karnataka,Ball Valves,19594,3,0.74,4.0,5
S0347,Supplier 0347 Manufacturing,Hyderabad,Telangana,Gearboxes,10924,25,0.59,3.8,18
S0348,Supplier 0348 Manufacturing,Hyderabad,Telangana,Hydraulic Cylinders,14171,7,0.53,4.7,5
S0349,Supplier 0349 Manufacturing,Chennai,Tamil Nadu,Gearboxes,4949,5,0.44,4.6,15
S0350,Supplier 0350 Manufacturing,Kolkata,West Bengal,Electric Motors,13962,20,0.71,3.1,2
S0351,Supplier 0351 Manufacturing,Nagpur,Maharashtra,Ball Valves,8535,18,0.75,4.3,22
S0352,Supplier 0352 Manufacturing,Pune,Maharashtra,Sheet Metal Parts,15377,19,0.92,4.1,11
S0353,Supplier 0353 Manufacturing,Nagpur,Maharashtra,Steel Brackets,19271,4,0.76,3.6,24
S0354,Supplier 0354 Manufacturing,Mumbai,Maharashtra,Steel Brackets,19891,26,0.45,3.9,6
S0355,Supplier 0355 Manufacturing,Nashik,Maharashtra,Sheet Metal Parts,14031,27,0.59,4.3,24
S0356,Supplier 0356 Manufacturing,Kolkata,West Bengal,Conveyor Belts,12945,24,0.79,3.9,5
S0357,Supplier 0357 Manufacturing,Ahmedabad,Gujarat,Ball Valves,8867,23,0.72,3.9,22
S0358,Supplier 0358 Manufacturing,Mumbai,Maharashtra,Sheet Metal Parts,12018,10,0.81,3.5,2
S0359,Supplier 0359 Manufacturing,Delhi,Delhi,Ball Valves,4431,5,0.89,3.3,22
S0360,Supplier 0360 Manufacturing,Mumbai,Maharashtra,Electric Motors,2544,15,0.59,5.0,9
S0361,Supplier 0361 Manufacturing,Kolkata,West Bengal,Gearboxes,7656,22,0.76,4.8,23
S0362,Supplier 0362 Manufacturing,Pune,Maharashtra,Industrial Pumps,13295,11,0.45,3.7,13
S0363,Supplier 0363 Manufacturing,Ahmedabad,Gujarat,Gearboxes,2308,23,0.98,4.3,12
S0364,Supplier 0364 Manufacturing,Bengaluru,Karnataka,Sheet Metal Parts,3280,23,0.63,3.4,2
S0365,Supplier 0365 Manufacturing,Kolkata,West Bengal,Electric Motors,16873,20,0.96,4.6,1
S0366,Supplier 0366 Manufacturing,Hyderabad,Telangana,Ball Valves,7436,28,0.76,4.0,22
S0367,Supplier 0367 Manufacturing,Pune,Maharashtra,Steel Brackets,2137,12,0.87,3.2,20
S0368,Supplier 0368 Manufacturing,Nagpur,Maharashtra,Conveyor Belts,2567,28,0.48,3.7,24
S0369,Supplier 0369 Manufacturing,Nashik,Maharashtra,Gearboxes,6006,25,0.58,3.3,8
S0370,Supplier 0370 Manufacturing,Nagpur,Maharashtra,Electric Motors,14138,25,0.86,4.5,23
S0371,Supplier 0371 Manufacturing,Hyderabad,Telangana,Conveyor Belts,6219,22,0.79,4.2,23
S0372,Supplier 0372 Manufacturing,Nagpur,Maharashtra,Hydraulic Cylinders,18185,19,0.49,4.5,22
S0373,Supplier 0373 Manufacturing,Nashik,Maharashtra,Sheet Metal Parts,16802,8,0.45,4.8,2
S0374,Supplier 0374 Manufacturing,Kolkata,West Bengal,Ball Valves,2821,10,0.8,4.2,11
S0375,Supplier 0375 Manufacturing,Delhi,Delhi,Gearboxes,7730,5,0.65,4.0,14
S0376,Supplier 0376 Manufacturing,Nashik,Maharashtra,Sheet Metal Parts,6862,23,0.58,3.5,11
S0377,Supplier 0377 Manufacturing,Chennai,Tamil Nadu,Sheet Metal Parts,14204,8,0.83,3.4,10
S0378,Supplier 0378 Manufacturing,Bengaluru,Karnataka,Gearboxes,19487,10,0.91,4.2,5
S0379,Supplier 0379 Manufacturing,Kolkata,West Bengal,Industrial Pumps,13824,9,0.43,3.6,21
S0380,Supplier 0380 Manufacturing,Chennai,Tamil Nadu,Industrial Pumps,15404,17,0.84,4.7,13
S0381,Supplier 0381 Manufacturing,Hyderabad,Telangana,Hydraulic Cylinders,17897,4,0.54,4.5,23
S0382,Supplier 0382 Manufacturing,Kolkata,West Bengal,Ball Valves,18874,25,0.84,3.3,11
S0383,Supplier 0383 Manufacturing,Delhi,Delhi,Conveyor Belts,11000,14,0.92,4.0,14
S0384,Supplier 0384 Manufacturing,Kolkata,West Bengal,Electric Motors,15310,22,0.58,4.3,23
S0385,Supplier 0385 Manufacturing,Nashik,Maharashtra,Electric Motors,3021,6,0.45,3.2,5
S0386,Supplier 0386 Manufacturing,Pune,Maharashtra,Electric Motors,6695,5,0.36,4.6,17
S0387,Supplier 0387 Manufacturing,Chennai,Tamil Nadu,Hydraulic Cylinders,9941,27,0.88,3.3,10
S0388,Supplier 0388 Manufacturing,Bengaluru,Karnataka,Steel Brackets,14947,11,0.58,3.4,23
S0389,Supplier 0389 Manufacturing,Kolkata,West Bengal,Steel Brackets,17986,12,0.43,3.0,16
S0390,Supplier 0390 Manufacturing,Kolkata,West Bengal,Hydraulic Cylinders,10184,18,0.91,4.9,25
S0391,Supplier 0391 Manufacturing,Delhi,Delhi,Sheet Metal Parts,12211,5,0.56,4.2,7
S0392,Supplier 0392 Manufacturing,Hyderabad,Telangana,Hydraulic Cylinders,13152,14,0.36,3.7,10
S0393,Supplier 0393 Manufacturing,Hyderabad,Telangana,Gearboxes,5073,29,0.72,3.2,7
S0394,Supplier 0394 Manufacturing,Ahmedabad,Gujarat,Gearboxes,6230,20,0.64,4.1,5
S0395,Supplier 0395 Manufacturing,Pune,Maharashtra,Electric Motors,19676,12,0.66,4.5,8
S0396,Supplier 0396 Manufacturing,Chennai,Tamil Nadu,Ball Valves,9926,16,0.46,4.8,21
S0397,Supplier 0397 Manufacturing,Nagpur,Maharashtra,Hydraulic Cylinders,19540,18,0.71,4.7,21
S0398,Supplier 0398 Manufacturing,Bengaluru,Karnataka,Steel Brackets,2233,11,0.58,4.3,12
S0399,Supplier 0399 Manufacturing,Nashik,Maharashtra,Ball Valves,5976,20,0.55,3.6,22
S0400,Supplier 0400 Manufacturing,Ahmedabad,Gujarat,Hydraulic Cylinders,16389,16,0.56,4.8,4
S0401,Supplier 0401 Manufacturing,Kolkata,West Bengal,Ball Valves,14175,17,0.93,3.2,5
S0402,Supplier 0402 Manufacturing,Nashik,Maharashtra,Sheet Metal Parts,17641,27,0.96,3.3,10
S0403,Supplier 0403 Manufacturing,Delhi,Delhi,Electric Motors,4607,9,0.43,3.2,23
S0404,Supplier 0404 Manufacturing,Delhi,Delhi,Ball Valves,1574,28,0.77,4.2,16
S0405,Supplier 0405 Manufacturing,Pune,Maharashtra,Ball Valves,4556,22,0.48,4.8,6
S0406,Supplier 0406 Manufacturing,Pune,Maharashtra,Conveyor Belts,6776,12,0.46,4.5,1
S0407,Supplier 0407 Manufacturing,Kolkata,West Bengal,Conveyor Belts,13855,6,0.83,3.6,15
S0408,Supplier 0408 Manufacturing,Kolkata,West Bengal,Industrial Pumps,3195,13,0.66,3.8,15
S0409,Supplier 0409 Manufacturing,Chennai,Tamil Nadu,Ball Valves,13488,17,0.68,4.4,4
S0410,Supplier 0410 Manufacturing,Nashik,Maharashtra,Ball Valves,12418,9,0.56,4.2,13
S0411,Supplier 0411 Manufacturing,Nagpur,Maharashtra,Electric Motors,13614,14,0.65,4.2,13
S0412,Supplier 0412 Manufacturing,Nashik,Maharashtra,Industrial Pumps,3763,26,0.38,3.1,22
S0413,Supplier 0413 Manufacturing,Nagpur,Maharashtra,Ball Valves,3007,24,0.82,4.5,15
S0414,Supplier 0414 Manufacturing,Kolkata,West Bengal,Hydraulic Cylinders,18212,20,0.36,4.5,14
S0415,Supplier 0415 Manufacturing,Chennai,Tamil Nadu,Industrial Pumps,1576,8,0.7,4.7,10
S0416,Supplier 0416 Manufacturing,Nashik,Maharashtra,Industrial Pumps,13324,11,0.66,4.9,20
S0417,Supplier 0417 Manufacturing,Bengaluru,Karnataka,Hydraulic Cylinders,13998,14,0.39,3.5,8
S0418,Supplier 0418 Manufacturing,Kolkata,West Bengal,Gearboxes,9236,3,0.79,4.2,11
S0419,Supplier 0419 Manufacturing,Bengaluru,Karnataka,Steel Brackets,10314,14,0.96,3.4,21
S0420,Supplier 0420 Manufacturing,Nagpur,Maharashtra,Gearboxes,7901,22,0.82,3.2,19
S0421,Supplier 0421 Manufacturing,Kolkata,West Bengal,Sheet Metal Parts,14495,9,0.57,3.2,10
S0422,Supplier 0422 Manufacturing,Delhi,Delhi,Sheet Metal Parts,9279,23,0.69,4.2,25
S0423,Supplier 0423 Manufacturing,Bengaluru,Karnataka,Ball Valves,7170,30,0.61,4.6,21
S0424,Supplier 0424 Manufacturing,Nashik,Maharashtra,Conveyor Belts,1407,10,0.85,3.6,16
S0425,Supplier 0425 Manufacturing,Pune,Maharashtra,Industrial Pumps,3250,13,0.73,4.7,14
S0426,Supplier 0426 Manufacturing,Nagpur,Maharashtra,Electric Motors,16767,5,0.5,3.2,11
S0427,Supplier 0427 Manufacturing,Hyderabad,Telangana,Electric Motors,19816,4,0.66,3.7,4
S0428,Supplier 0428 Manufacturing,Ahmedabad,Gujarat,Industrial Pumps,1640,29,0.82,4.6,2
S0429,Supplier 0429 Manufacturing,Delhi,Delhi,Electric Motors,7393,30,0.91,4.8,21
S0430,Supplier 0430 Manufacturing,Hyderabad,Telangana,Ball Valves,5754,25,0.51,3.1,14
S0431,Supplier 0431 Manufacturing,Mumbai,Maharashtra,Steel Brackets,8679,19,0.8,4.5,21
S0432,Supplier 0432 Manufacturing,Nashik,Maharashtra,Electric Motors,6184,24,0.72,3.7,10
S0433,Supplier 0433 Manufacturing,Hyderabad,Telangana,Conveyor Belts,1179,3,0.93,4.3,21
S0434,Supplier 0434 Manufacturing,Nashik,Maharashtra,Industrial Pumps,13641,22,0.62,3.5,3
S0435,Supplier 0435 Manufacturing,Delhi,Delhi,Conveyor Belts,9222,12,0.82,3.8,14
S0436,Supplier 0436 Manufacturing,Hyderabad,Telangana,Steel Brackets,1442,12,0.96,3.5,15
S0437,Supplier 0437 Manufacturing,Nashik,Maharashtra,Hydraulic Cylinders,13527,24,0.48,3.8,14
S0438,Supplier 0438 Manufacturing,Nagpur,Maharashtra,Gearboxes,10412,15,0.77,3.3,18
S0439,Supplier 0439 Manufacturing,Bengaluru,Karnataka,Sheet Metal Parts,4822,5,0.55,4.1,5
S0440,Supplier 0440 Manufacturing,Ahmedabad,Gujarat,Electric Motors,17440,13,0.62,3.3,24
S0441,Supplier 0441 Manufacturing,Ahmedabad,Gujarat,Steel Brackets,15807,16,0.42,4.8,16
S0442,Supplier 0442 Manufacturing,Mumbai,Maharashtra,Steel Brackets,4551,14,0.41,4.7,6
S0443,Supplier 0443 Manufacturing,Nagpur,Maharashtra,Steel Brackets,14145,5,0.51,4.0,4
S0444,Supplier 0444 Manufacturing,Pune,Maharashtra,Ball Valves,15580,29,0.8,4.0,21
S0445,Supplier 0445 Manufacturing,Pune,Maharashtra,Electric Motors,11089,28,0.38,3.1,20
S0446,Supplier 0446 Manufacturing,Hyderabad,Telangana,Gearboxes,9836,23,0.82,4.3,4
S0447,Supplier 0447 Manufacturing,Delhi,Delhi,Sheet Metal Parts,15096,15,0.65,4.1,14
S0448,Supplier 0448 Manufacturing,Hyderabad,Telangana,Ball Valves,1825,19,0.57,3.9,8
S0449,Supplier 0449 Manufacturing,Ahmedabad,Gujarat,Industrial Pumps,18554,5,0.93,4.0,17
S0450,Supplier 0450 Manufacturing,Kolkata,West Bengal,Industrial Pumps,4233,26,0.77,3.4,6
S0451,Supplier 0451 Manufacturing,Ahmedabad,Gujarat,Hydraulic Cylinders,6633,9,0.47,4.5,20
S0452,Supplier 0452 Manufacturing,Chennai,Tamil Nadu,Sheet Metal Parts,13774,30,0.76,4.5,24
S0453,Supplier 0453 Manufacturing,Pune,Maharashtra,Conveyor Belts,1378,9,0.65,3.3,8
S0454,Supplier 0454 Manufacturing,Nashik,Maharashtra,Sheet Metal Parts,16394,18,0.36,3.9,8
S0455,Supplier 0455 Manufacturing,Mumbai,Maharashtra,Gearboxes,14121,30,0.66,4.2,24
S0456,Supplier 0456 Manufacturing,Hyderabad,Telangana,Sheet Metal Parts,4331,18,0.74,4.3,15
S0457,Supplier 0457 Manufacturing,Ahmedabad,Gujarat,Gearboxes,14159,29,0.94,4.3,12
S0458,Supplier 0458 Manufacturing,Nashik,Maharashtra,Sheet Metal Parts,3806,28,0.61,5.0,10
S0459,Supplier 0459 Manufacturing,Ahmedabad,Gujarat,Hydraulic Cylinders,5697,8,0.87,4.8,2
S0460,Supplier 0460 Manufacturing,Mumbai,Maharashtra,Conveyor Belts,16437,11,0.98,4.6,25
S0461,Supplier 0461 Manufacturing,Chennai,Tamil Nadu,Sheet Metal Parts,4134,6,0.84,4.2,4
S0462,Supplier 0462 Manufacturing,Bengaluru,Karnataka,Hydraulic Cylinders,5014,6,0.88,3.9,14
S0463,Supplier 0463 Manufacturing,Nashik,Maharashtra,Ball Valves,9216,14,0.8,3.8,21
S0464,Supplier 0464 Manufacturing,Pune,Maharashtra,Ball Valves,3278,13,0.55,5.0,6
S0465,Supplier 0465 Manufacturing,Kolkata,West Bengal,Electric Motors,10779,14,0.35,3.6,17
S0466,Supplier 0466 Manufacturing,Hyderabad,Telangana,Steel Brackets,17554,20,0.53,3.2,18
S0467,Supplier 0467 Manufacturing,Kolkata,West Bengal,Ball Valves,2464,29,0.58,4.3,12
S0468,Supplier 0468 Manufacturing,Pune,Maharashtra,Sheet Metal Parts,11607,10,0.86,5.0,19
S0469,Supplier 0469 Manufacturing,Hyderabad,Telangana,Gearboxes,3185,5,0.39,4.8,16
S0470,Supplier 0470 Manufacturing,Hyderabad,Telangana,Gearboxes,9140,21,0.66,3.8,15
S0471,Supplier 0471 Manufacturing,Nashik,Maharashtra,Hydraulic Cylinders,4391,22,0.89,3.2,12
S0472,Supplier 0472 Manufacturing,Pune,Maharashtra,Electric Motors,9789,9,0.47,4.5,1
S0473,Supplier 0473 Manufacturing,Nagpur,Maharashtra,Electric Motors,19038,17,0.92,4.6,16
S0474,Supplier 0474 Manufacturing,Kolkata,West Bengal,Industrial Pumps,15019,26,0.52,3.2,6
S0475,Supplier 0475 Manufacturing,Pune,Maharashtra,Ball Valves,17927,8,0.96,3.5,7
S0476,Supplier 0476 Manufacturing,Pune,Maharashtra,Sheet Metal Parts,1262,13,0.63,3.8,17
S0477,Supplier 0477 Manufacturing,Mumbai,Maharashtra,Steel Brackets,10553,16,0.78,3.1,11
S0478,Supplier 0478 Manufacturing,Bengaluru,Karnataka,Steel Brackets,14027,13,0.51,4.9,4
S0479,Supplier 0479 Manufacturing,Kolkata,West Bengal,Gearboxes,4270,11,0.39,3.9,14
S0480,Supplier 0480 Manufacturing,Pune,Maharashtra,Electric Motors,18655,21,0.78,3.5,18
S0481,Supplier 0481 Manufacturing,Chennai,Tamil Nadu,Electric Motors,5984,3,0.39,4.8,9
S0482,Supplier 0482 Manufacturing,Mumbai,Maharashtra,Steel Brackets,18734,11,0.9,3.4,17
S0483,Supplier 0483 Manufacturing,Bengaluru,Karnataka,Industrial Pumps,4881,23,0.93,4.2,1
S0484,Supplier 0484 Manufacturing,Mumbai,Maharashtra,Ball Valves,18150,3,0.91,4.6,15
S0485,Supplier 0485 Manufacturing,Pune,Maharashtra,Electric Motors,12225,9,0.41,4.2,10
S0486,Supplier 0486 Manufacturing,Chennai,Tamil Nadu,Steel Brackets,18580,9,0.77,4.1,22
S0487,Supplier 0487 Manufacturing,Kolkata,West Bengal,Electric Motors,18853,17,0.35,3.9,22
S0488,Supplier 0488 Manufacturing,Kolkata,West Bengal,Sheet Metal Parts,10862,3,0.6,3.7,19
S0489,Supplier 0489 Manufacturing,Nashik,Maharashtra,Hydraulic Cylinders,10684,5,0.74,3.2,16
S0490,Supplier 0490 Manufacturing,Bengaluru,Karnataka,Conveyor Belts,2889,27,0.73,3.9,4
S0491,Supplier 0491 Manufacturing,Hyderabad,Telangana,Ball Valves,3836,24,0.39,3.1,13
S0492,Supplier 0492 Manufacturing,Hyderabad,Telangana,Ball Valves,11628,23,0.94,4.6,15
S0493,Supplier 0493 Manufacturing,Nagpur,Maharashtra,Sheet Metal Parts,6592,10,0.44,3.1,5
S0494,Supplier 0494 Manufacturing,Bengaluru,Karnataka,Electric Motors,12585,3,0.68,4.3,5
S0495,Supplier 0495 Manufacturing,Delhi,Delhi,Conveyor Belts,2741,13,0.47,4.0,23
S0496,Supplier 0496 Manufacturing,Delhi,Delhi,Industrial Pumps,7808,25,0.5,4.2,8
S0497,Supplier 0497 Manufacturing,Pune,Maharashtra,Ball Valves,5166,12,0.63,4.3,25
S0498,Supplier 0498 Manufacturing,Bengaluru,Karnataka,Conveyor Belts,6350,9,0.36,4.7,4
S0499,Supplier 0499 Manufacturing,Ahmedabad,Gujarat,Sheet Metal Parts,8369,14,0.86,4.3,17
S0500,Supplier 0500 Manufacturing,Pune,Maharashtra,Conveyor Belts,18046,12,0.85,3.7,2
S0501,Supplier 0501 Manufacturing,Chennai,Tamil Nadu,Steel Brackets,11045,25,0.59,4.4,23
S0502,Supplier 0502 Manufacturing,Delhi,Delhi,Gearboxes,7662,12,0.62,3.8,6
S0503,Supplier 0503 Manufacturing,Chennai,Tamil Nadu,Hydraulic Cylinders,14462,17,0.64,3.8,16
S0504,Supplier 0504 Manufacturing,Mumbai,Maharashtra,Electric Motors,16941,19,0.69,3.2,9
S0505,Supplier 0505 Manufacturing,Kolkata,West Bengal,Conveyor Belts,11436,9,0.78,3.5,24
S0506,Supplier 0506 Manufacturing,Pune,Maharashtra,Sheet Metal Parts,17298,27,0.95,4.7,8
S0507,Supplier 0507 Manufacturing,Kolkata,West Bengal,Sheet Metal Parts,15619,13,0.85,3.6,7
S0508,Supplier 0508 Manufacturing,Nashik,Maharashtra,Electric Motors,817,18,0.86,4.7,11
S0509,Supplier 0509 Manufacturing,Ahmedabad,Gujarat,Hydraulic Cylinders,19733,3,0.71,3.1,5
S0510,Supplier 0510 Manufacturing,Mumbai,Maharashtra,Gearboxes,6671,18,0.42,4.1,15
S0511,Supplier 0511 Manufacturing,Delhi,Delhi,Electric Motors,17683,5,0.64,3.7,1
S0512,Supplier 0512 Manufacturing,Nashik,Maharashtra,Gearboxes,16171,26,0.39,4.9,7
S0513,Supplier 0513 Manufacturing,Chennai,Tamil Nadu,Steel Brackets,19344,12,0.72,4.0,22
S0514,Supplier 0514 Manufacturing,Bengaluru,Karnataka,Sheet Metal Parts,15579,17,0.71,4.5,10
S0515,Supplier 0515 Manufacturing,Nagpur,Maharashtra,Ball Valves,13395,25,0.95,3.5,6
S0516,Supplier 0516 Manufacturing,Bengaluru,Karnataka,Gearboxes,15276,8,0.51,4.0,15
S0517,Supplier 0517 Manufacturing,Hyderabad,Telangana,Conveyor Belts,13498,4,0.36,3.2,5
S0518,Supplier 0518 Manufacturing,Ahmedabad,Gujarat,Steel Brackets,6089,29,0.36,3.2,10
S0519,Supplier 0519 Manufacturing,Pune,Maharashtra,Electric Motors,5529,17,0.58,3.4,2
S0520,Supplier 0520 Manufacturing,Delhi,Delhi,Conveyor Belts,12776,10,0.48,3.0,1
S0521,Supplier 0521 Manufacturing,Mumbai,Maharashtra,Steel Brackets,5973,4,0.61,3.2,11
S0522,Supplier 0522 Manufacturing,Nashik,Maharashtra,Industrial Pumps,13677,23,0.55,3.8,15
S0523,Supplier 0523 Manufacturing,Pune,Maharashtra,Ball Valves,7661,16,0.54,4.2,4
S0524,Supplier 0524 Manufacturing,Nagpur,Maharashtra,Sheet Metal Parts,13029,19,0.75,3.5,19
S0525,Supplier 0525 Manufacturing,Chennai,Tamil Nadu,Electric Motors,7119,7,0.59,4.3,8
S0526,Supplier 0526 Manufacturing,Delhi,Delhi,Conveyor Belts,18172,4,0.92,4.3,8
S0527,Supplier 0527 Manufacturing,Nashik,Maharashtra,Conveyor Belts,8243,19,0.4,4.4,10
S0528,Supplier 0528 Manufacturing,Delhi,Delhi,Electric Motors,9850,21,0.63,4.3,9
S0529,Supplier 0529 Manufacturing,Hyderabad,Telangana,Steel Brackets,16294,3,0.83,3.9,3
S0530,Supplier 0530 Manufacturing,Nagpur,Maharashtra,Sheet Metal Parts,2857,13,0.44,3.9,5
S0531,Supplier 0531 Manufacturing,Bengaluru,Karnataka,Sheet Metal Parts,13756,16,0.94,4.9,12
S0532,Supplier 0532 Manufacturing,Delhi,Delhi,Gearboxes,8864,27,0.93,4.4,17
S0533,Supplier 0533 Manufacturing,Chennai,Tamil Nadu,Steel Brackets,8832,10,0.73,4.9,6
S0534,Supplier 0534 Manufacturing,Hyderabad,Telangana,Ball Valves,17491,9,0.9,3.3,14
S0535,Supplier 0535 Manufacturing,Bengaluru,Karnataka,Steel Brackets,9315,26,0.48,4.5,23
S0536,Supplier 0536 Manufacturing,Ahmedabad,Gujarat,Gearboxes,6091,8,0.59,4.4,7
S0537,Supplier 0537 Manufacturing,Nashik,Maharashtra,Conveyor Belts,8998,30,0.61,4.3,20
S0538,Supplier 0538 Manufacturing,Mumbai,Maharashtra,Electric Motors,2605,13,0.37,3.5,16
S0539,Supplier 0539 Manufacturing,Ahmedabad,Gujarat,Sheet Metal Parts,16006,27,0.56,3.9,12
S0540,Supplier 0540 Manufacturing,Hyderabad,Telangana,Steel Brackets,1341,22,0.43,4.1,23
S0541,Supplier 0541 Manufacturing,Delhi,Delhi,Industrial Pumps,11057,3,0.75,4.7,24
S0542,Supplier 0542 Manufacturing,Mumbai,Maharashtra,Gearboxes,10129,22,0.47,3.3,17
S0543,Supplier 0543 Manufacturing,Mumbai,Maharashtra,Ball Valves,14750,25,0.37,4.9,11
S0544,Supplier 0544 Manufacturing,Chennai,Tamil Nadu,Ball Valves,11405,30,0.49,4.2,20
S0545,Supplier 0545 Manufacturing,Kolkata,West Bengal,Gearboxes,8146,10,0.51,3.6,4
S0546,Supplier 0546 Manufacturing,Nashik,Maharashtra,Hydraulic Cylinders,12958,21,0.81,3.6,19
S0547,Supplier 0547 Manufacturing,Ahmedabad,Gujarat,Conveyor Belts,16878,24,0.64,4.2,5
S0548,Supplier 0548 Manufacturing,Pune,Maharashtra,Hydraulic Cylinders,5503,29,0.8,4.7,8
S0549,Supplier 0549 Manufacturing,Hyderabad,Telangana,Gearboxes,2853,19,0.81,3.6,7
S0550,Supplier 0550 Manufacturing,Nashik,Maharashtra,Conveyor Belts,7647,28,0.82,4.5,1
S0551,Supplier 0551 Manufacturing,Nashik,Maharashtra,Industrial Pumps,4345,19,0.76,4.2,5
S0552,Supplier 0552 Manufacturing,Hyderabad,Telangana,Electric Motors,15085,14,0.36,3.2,4
S0553,Supplier 0553 Manufacturing,Hyderabad,Telangana,Electric Motors,19224,7,0.41,3.1,18
S0554,Supplier 0554 Manufacturing,Kolkata,West Bengal,Sheet Metal Parts,2594,19,0.88,4.1,21
S0555,Supplier 0555 Manufacturing,Nashik,Maharashtra,Industrial Pumps,18677,17,0.85,3.2,5
S0556,Supplier 0556 Manufacturing,Delhi,Delhi,Electric Motors,2012,19,0.92,3.6,18
S0557,Supplier 0557 Manufacturing,Delhi,Delhi,Steel Brackets,10320,30,0.87,4.9,20
S0558,Supplier 0558 Manufacturing,Hyderabad,Telangana,Steel Brackets,18060,9,0.39,4.5,21
S0559,Supplier 0559 Manufacturing,Mumbai,Maharashtra,Gearboxes,2661,13,0.75,3.7,11
S0560,Supplier 0560 Manufacturing,Mumbai,Maharashtra,Steel Brackets,17751,26,0.9,4.2,16
S0561,Supplier 0561 Manufacturing,Pune,Maharashtra,Steel Brackets,10920,27,0.6,3.7,24
S0562,Supplier 0562 Manufacturing,Delhi,Delhi,Gearboxes,15500,8,0.63,3.7,15
S0563,Supplier 0563 Manufacturing,Delhi,Delhi,Ball Valves,5910,21,0.39,4.5,18
S0564,Supplier 0564 Manufacturing,Kolkata,West Bengal,Ball Valves,13786,3,0.74,4.8,24
S0565,Supplier 0565 Manufacturing,Kolkata,West Bengal,Industrial Pumps,15201,8,0.77,4.8,17
S0566,Supplier 0566 Manufacturing,Bengaluru,Karnataka,Industrial Pumps,14351,18,0.59,3.7,4
S0567,Supplier 0567 Manufacturing,Nagpur,Maharashtra,Gearboxes,7625,12,0.94,4.9,17
S0568,Supplier 0568 Manufacturing,Nagpur,Maharashtra,Sheet Metal Parts,11265,12,0.57,3.0,24
S0569,Supplier 0569 Manufacturing,Chennai,Tamil Nadu,Conveyor Belts,3276,19,0.67,3.3,4
S0570,Supplier 0570 Manufacturing,Hyderabad,Telangana,Steel Brackets,18077,28,0.52,5.0,22
S0571,Supplier 0571 Manufacturing,Delhi,Delhi,Electric Motors,1819,7,0.6,4.5,2
S0572,Supplier 0572 Manufacturing,Chennai,Tamil Nadu,Sheet Metal Parts,4675,13,0.82,4.6,13
S0573,Supplier 0573 Manufacturing,Bengaluru,Karnataka,Gearboxes,763,16,0.65,3.6,3
S0574,Supplier 0574 Manufacturing,Hyderabad,Telangana,Conveyor Belts,16028,25,0.84,3.2,24
S0575,Supplier 0575 Manufacturing,Mumbai,Maharashtra,Industrial Pumps,12963,16,0.68,4.4,8
S0576,Supplier 0576 Manufacturing,Hyderabad,Telangana,Industrial Pumps,10470,6,0.52,3.6,12
S0577,Supplier 0577 Manufacturing,Nagpur,Maharashtra,Ball Valves,14619,8,0.51,4.0,11
S0578,Supplier 0578 Manufacturing,Bengaluru,Karnataka,Hydraulic Cylinders,8307,23,0.52,4.2,3
S0579,Supplier 0579 Manufacturing,Delhi,Delhi,Conveyor Belts,15106,6,0.4,4.1,11
S0580,Supplier 0580 Manufacturing,Bengaluru,Karnataka,Sheet Metal Parts,4347,16,0.39,3.8,17
S0581,Supplier 0581 Manufacturing,Nagpur,Maharashtra,Industrial Pumps,6732,26,0.86,4.0,18
S0582,Supplier 0582 Manufacturing,Pune,Maharashtra,Sheet Metal Parts,17009,25,0.8,3.5,8
S0583,Supplier 0583 Manufacturing,Ahmedabad,Gujarat,Steel Brackets,9361,30,0.85,4.3,8
S0584,Supplier 0584 Manufacturing,Nagpur,Maharashtra,Hydraulic Cylinders,11135,5,0.95,4.8,9
S0585,Supplier 0585 Manufacturing,Nagpur,Maharashtra,Ball Valves,13016,23,0.51,4.3,20
S0586,Supplier 0586 Manufacturing,Chennai,Tamil Nadu,Steel Brackets,15553,8,0.86,3.4,19
S0587,Supplier 0587 Manufacturing,Mumbai,Maharashtra,Gearboxes,8536,17,0.92,4.9,4
S0588,Supplier 0588 Manufacturing,Nagpur,Maharashtra,Industrial Pumps,807,28,0.42,4.5,11
S0589,Supplier 0589 Manufacturing,Ahmedabad,Gujarat,Ball Valves,1194,29,0.38,4.1,4
S0590,Supplier 0590 Manufacturing,Mumbai,Maharashtra,Sheet Metal Parts,6056,6,0.49,4.9,10
S0591,Supplier 0591 Manufacturing,Bengaluru,Karnataka,Steel Brackets,14434,7,0.91,4.4,20
S0592,Supplier 0592 Manufacturing,Nashik,Maharashtra,Steel Brackets,10994,7,0.6,4.4,16
S0593,Supplier 0593 Manufacturing,Mumbai,Maharashtra,Hydraulic Cylinders,4679,8,0.83,3.7,16
S0594,Supplier 0594 Manufacturing,Kolkata,West Bengal,Sheet Metal Parts,17948,20,0.87,3.8,19
S0595,Supplier 0595 Manufacturing,Bengaluru,Karnataka,Steel Brackets,10156,17,0.44,4.7,14
S0596,Supplier 0596 Manufacturing,Mumbai,Maharashtra,Steel Brackets,12868,26,0.37,4.9,12
S0597,Supplier 0597 Manufacturing,Nashik,Maharashtra,Industrial Pumps,5313,14,0.44,3.5,1
S0598,Supplier 0598 Manufacturing,Nashik,Maharashtra,Industrial Pumps,1552,22,0.82,4.0,1
S0599,Supplier 0599 Manufacturing,Mumbai,Maharashtra,Gearboxes,4600,26,0.48,4.2,8
S0600,Supplier 0600 Manufacturing,Bengaluru,Karnataka,Gearboxes,6880,11,0.42,3.2,20
S0601,Supplier 0601 Manufacturing,Ahmedabad,Gujarat,Conveyor Belts,18577,9,0.75,3.1,9
S0602,Supplier 0602 Manufacturing,Mumbai,Maharashtra,Electric Motors,777,14,0.82,4.9,17
S0603,Supplier 0603 Manufacturing,Mumbai,Maharashtra,Hydraulic Cylinders,13845,26,0.67,4.0,25
S0604,Supplier 0604 Manufacturing,Pune,Maharashtra,Electric Motors,5782,7,0.78,3.2,21
S0605,Supplier 0605 Manufacturing,Kolkata,West Bengal,Hydraulic Cylinders,15163,28,0.43,3.6,20
S0606,Supplier 0606 Manufacturing,Mumbai,Maharashtra,Industrial Pumps,5173,27,0.9,4.1,3
S0607,Supplier 0607 Manufacturing,Bengaluru,Karnataka,Ball Valves,2830,8,0.8,3.9,16
S0608,Supplier 0608 Manufacturing,Nagpur,Maharashtra,Steel Brackets,14945,14,0.67,4.2,11
S0609,Supplier 0609 Manufacturing,Kolkata,West Bengal,Industrial Pumps,5564,30,0.42,3.8,19
S0610,Supplier 0610 Manufacturing,Kolkata,West Bengal,Sheet Metal Parts,4075,5,0.46,3.2,13
S0611,Supplier 0611 Manufacturing,Chennai,Tamil Nadu,Ball Valves,9621,17,0.37,3.3,16
S0612,Supplier 0612 Manufacturing,Hyderabad,Telangana,Industrial Pumps,12345,28,0.62,3.9,2
S0613,Supplier 0613 Manufacturing,Nashik,Maharashtra,Ball Valves,5144,5,0.52,3.2,23
S0614,Supplier 0614 Manufacturing,Ahmedabad,Gujarat,Steel Brackets,7007,14,0.94,4.0,18
S0615,Supplier 0615 Manufacturing,Chennai,Tamil Nadu,Steel Brackets,16865,30,0.55,4.6,22
S0616,Supplier 0616 Manufacturing,Delhi,Delhi,Gearboxes,18394,27,0.45,3.8,12
S0617,Supplier 0617 Manufacturing,Ahmedabad,Gujarat,Electric Motors,16952,29,0.9,4.4,21
S0618,Supplier 0618 Manufacturing,Hyderabad,Telangana,Hydraulic Cylinders,6296,20,0.72,4.1,13
S0619,Supplier 0619 Manufacturing,Hyderabad,Telangana,Ball Valves,16766,26,0.82,4.9,4
S0620,Supplier 0620 Manufacturing,Hyderabad,Telangana,Industrial Pumps,12776,28,0.49,3.6,22
S0621,Supplier 0621 Manufacturing,Bengaluru,Karnataka,Hydraulic Cylinders,11480,8,0.95,5.0,8
S0622,Supplier 0622 Manufacturing,Mumbai,Maharashtra,Steel Brackets,17023,6,0.75,4.6,25
S0623,Supplier 0623 Manufacturing,Pune,Maharashtra,Steel Brackets,15367,23,0.75,3.7,8
S0624,Supplier 0624 Manufacturing,Nagpur,Maharashtra,Ball Valves,4135,17,0.93,3.2,5
S0625,Supplier 0625 Manufacturing,Pune,Maharashtra,Gearboxes,2910,18,0.95,3.2,22
S0626,Supplier 0626 Manufacturing,Nagpur,Maharashtra,Industrial Pumps,4340,13,0.98,4.0,20
S0627,Supplier 0627 Manufacturing,Delhi,Delhi,Industrial Pumps,11232,7,0.49,4.5,5
S0628,Supplier 0628 Manufacturing,Hyderabad,Telangana,Conveyor Belts,8695,8,0.47,4.7,23
S0629,Supplier 0629 Manufacturing,Nagpur,Maharashtra,Electric Motors,10944,22,0.42,3.8,7
S0630,Supplier 0630 Manufacturing,Bengaluru,Karnataka,Gearboxes,6592,14,0.5,3.4,12
S0631,Supplier 0631 Manufacturing,Bengaluru,Karnataka,Conveyor Belts,18903,5,0.59,4.2,17
S0632,Supplier 0632 Manufacturing,Mumbai,Maharashtra,Gearboxes,14760,13,0.86,3.4,2
S0633,Supplier 0633 Manufacturing,Nagpur,Maharashtra,Gearboxes,8247,21,0.36,3.0,19
S0634,Supplier 0634 Manufacturing,Kolkata,West Bengal,Industrial Pumps,11555,23,0.36,3.9,14
S0635,Supplier 0635 Manufacturing,Mumbai,Maharashtra,Hydraulic Cylinders,3866,3,0.49,4.7,5
S0636,Supplier 0636 Manufacturing,Delhi,Delhi,Hydraulic Cylinders,18114,3,0.94,4.7,9
S0637,Supplier 0637 Manufacturing,Bengaluru,Karnataka,Gearboxes,9344,25,0.46,3.3,15
S0638,Supplier 0638 Manufacturing,Hyderabad,Telangana,Sheet Metal Parts,4509,19,0.68,4.2,22
S0639,Supplier 0639 Manufacturing,Delhi,Delhi,Conveyor Belts,3056,5,0.96,3.1,1
S0640,Supplier 0640 Manufacturing,Kolkata,West Bengal,Ball Valves,4761,10,0.93,3.8,15
S0641,Supplier 0641 Manufacturing,Mumbai,Maharashtra,Conveyor Belts,1043,17,0.47,3.1,22
S0642,Supplier 0642 Manufacturing,Ahmedabad,Gujarat,Hydraulic Cylinders,3705,4,0.76,4.5,14
S0643,Supplier 0643 Manufacturing,Ahmedabad,Gujarat,Sheet Metal Parts,17494,16,0.42,3.1,8
S0644,Supplier 0644 Manufacturing,Ahmedabad,Gujarat,Conveyor Belts,2657,20,0.41,3.5,20
S0645,Supplier 0645 Manufacturing,Ahmedabad,Gujarat,Industrial Pumps,3588,8,0.67,4.4,16
S0646,Supplier 0646 Manufacturing,Hyderabad,Telangana,Hydraulic Cylinders,1182,8,0.96,4.8,6
S0647,Supplier 0647 Manufacturing,Nashik,Maharashtra,Steel Brackets,3577,6,0.54,4.5,15
S0648,Supplier 0648 Manufacturing,Bengaluru,Karnataka,Sheet Metal Parts,4194,11,0.78,4.5,1
S0649,Supplier 0649 Manufacturing,Pune,Maharashtra,Conveyor Belts,19426,26,0.79,3.9,7
S0650,Supplier 0650 Manufacturing,Ahmedabad,Gujarat,Electric Motors,6744,4,0.72,4.4,20
S0651,Supplier 0651 Manufacturing,Pune,Maharashtra,Sheet Metal Parts,5321,17,0.78,4.0,10
S0652,Supplier 0652 Manufacturing,Pune,Maharashtra,Gearboxes,12042,24,0.88,3.1,5
S0653,Supplier 0653 Manufacturing,Ahmedabad,Gujarat,Conveyor Belts,1553,18,0.94,3.5,22
S0654,Supplier 0654 Manufacturing,Delhi,Delhi,Electric Motors,4946,16,0.7,3.6,3
S0655,Supplier 0655 Manufacturing,Bengaluru,Karnataka,Sheet Metal Parts,12106,16,0.64,4.9,15
S0656,Supplier 0656 Manufacturing,Ahmedabad,Gujarat,Conveyor Belts,19516,19,0.59,4.2,19
S0657,Supplier 0657 Manufacturing,Pune,Maharashtra,Ball Valves,2292,11,0.87,4.3,11
S0658,Supplier 0658 Manufacturing,Chennai,Tamil Nadu,Steel Brackets,7825,24,0.75,3.3,21
S0659,Supplier 0659 Manufacturing,Mumbai,Maharashtra,Ball Valves,8600,9,0.42,3.0,17
S0660,Supplier 0660 Manufacturing,Nagpur,Maharashtra,Sheet Metal Parts,4536,16,0.44,3.0,5
S0661,Supplier 0661 Manufacturing,Mumbai,Maharashtra,Sheet Metal Parts,14160,29,0.62,3.1,15
S0662,Supplier 0662 Manufacturing,Nagpur,Maharashtra,Sheet Metal Parts,1896,14,0.96,3.9,24
S0663,Supplier 0663 Manufacturing,Nashik,Maharashtra,Steel Brackets,12029,23,0.8,3.7,23
S0664,Supplier 0664 Manufacturing,Chennai,Tamil Nadu,Gearboxes,15958,22,0.77,4.2,17
S0665,Supplier 0665 Manufacturing,Chennai,Tamil Nadu,Sheet Metal Parts,11105,27,0.5,4.5,24
S0666,Supplier 0666 Manufacturing,Hyderabad,Telangana,Ball Valves,2529,22,0.51,3.1,24
S0667,Supplier 0667 Manufacturing,Mumbai,Maharashtra,Sheet Metal Parts,12874,7,0.97,4.1,7
S0668,Supplier 0668 Manufacturing,Delhi,Delhi,Conveyor Belts,5811,16,0.86,4.6,7
S0669,Supplier 0669 Manufacturing,Nashik,Maharashtra,Industrial Pumps,12282,27,0.61,4.1,3
S0670,Supplier 0670 Manufacturing,Kolkata,West Bengal,Steel Brackets,2700,17,0.62,3.8,3
S0671,Supplier 0671 Manufacturing,Ahmedabad,Gujarat,Gearboxes,12227,5,0.9,3.3,10
S0672,Supplier 0672 Manufacturing,Kolkata,West Bengal,Ball Valves,19596,18,0.94,5.0,21
S0673,Supplier 0673 Manufacturing,Bengaluru,Karnataka,Industrial Pumps,5064,9,0.69,4.5,25
S0674,Supplier 0674 Manufacturing,Pune,Maharashtra,Ball Valves,1666,18,0.67,4.3,14
S0675,Supplier 0675 Manufacturing,Pune,Maharashtra,Gearboxes,12861,25,0.43,4.4,18
S0676,Supplier 0676 Manufacturing,Bengaluru,Karnataka,Hydraulic Cylinders,6845,13,0.63,3.1,8
S0677,Supplier 0677 Manufacturing,Kolkata,West Bengal,Industrial Pumps,988,30,0.8,4.6,3
S0678,Supplier 0678 Manufacturing,Bengaluru,Karnataka,Hydraulic Cylinders,8503,12,0.43,3.8,22
S0679,Supplier 0679 Manufacturing,Chennai,Tamil Nadu,Hydraulic Cylinders,7718,17,0.8,4.9,25
S0680,Supplier 0680 Manufacturing,Kolkata,West Bengal,Conveyor Belts,10492,26,0.7,3.2,24
S0681,Supplier 0681 Manufacturing,Chennai,Tamil Nadu,Ball Valves,1197,18,0.88,3.5,19
S0682,Supplier 0682 Manufacturing,Chennai,Tamil Nadu,Industrial Pumps,7854,9,0.59,4.3,18
S0683,Supplier 0683 Manufacturing,Bengaluru,Karnataka,Electric Motors,19864,9,0.83,3.7,20
S0684,Supplier 0684 Manufacturing,Nagpur,Maharashtra,Electric Motors,5826,15,0.64,5.0,8
S0685,Supplier 0685 Manufacturing,Delhi,Delhi,Electric Motors,11560,21,0.6,4.2,12
S0686,Supplier 0686 Manufacturing,Pune,Maharashtra,Sheet Metal Parts,790,17,0.37,3.7,21
S0687,Supplier 0687 Manufacturing,Delhi,Delhi,Steel Brackets,5313,30,0.74,3.1,4
S0688,Supplier 0688 Manufacturing,Bengaluru,Karnataka,Industrial Pumps,8190,14,0.42,4.0,4
S0689,Supplier 0689 Manufacturing,Bengaluru,Karnataka,Hydraulic Cylinders,13873,23,0.59,4.9,10
S0690,Supplier 0690 Manufacturing,Nagpur,Maharashtra,Industrial Pumps,5417,15,0.83,4.3,3
S0691,Supplier 0691 Manufacturing,Kolkata,West Bengal,Sheet Metal Parts,10885,11,0.47,4.2,8
S0692,Supplier 0692 Manufacturing,Hyderabad,Telangana,Hydraulic Cylinders,3111,14,0.7,3.2,12
S0693,Supplier 0693 Manufacturing,Mumbai,Maharashtra,Ball Valves,13885,16,0.67,3.3,16
S0694,Supplier 0694 Manufacturing,Hyderabad,Telangana,Industrial Pumps,5970,5,0.43,4.7,13
S0695,Supplier 0695 Manufacturing,Bengaluru,Karnataka,Ball Valves,1982,5,0.82,3.7,15
S0696,Supplier 0696 Manufacturing,Pune,Maharashtra,Hydraulic Cylinders,15361,15,0.55,3.4,24
S0697,Supplier 0697 Manufacturing,Delhi,Delhi,Gearboxes,17511,11,0.71,4.2,4
S0698,Supplier 0698 Manufacturing,Ahmedabad,Gujarat,Ball Valves,8091,24,0.53,3.2,18
S0699,Supplier 0699 Manufacturing,Kolkata,West Bengal,Steel Brackets,15371,12,0.93,4.4,4
S0700,Supplier 0700 Manufacturing,Mumbai,Maharashtra,Conveyor Belts,2936,13,0.45,3.7,15
S0701,Supplier 0701 Manufacturing,Delhi,Delhi,Conveyor Belts,9192,18,0.45,4.6,24
S0702,Supplier 0702 Manufacturing,Chennai,Tamil Nadu,Conveyor Belts,6336,4,0.61,3.5,13
S0703,Supplier 0703 Manufacturing,Kolkata,West Bengal,Sheet Metal Parts,10180,6,0.49,4.9,25
S0704,Supplier 0704 Manufacturing,Mumbai,Maharashtra,Hydraulic Cylinders,13544,25,0.43,4.8,16
S0705,Supplier 0705 Manufacturing,Chennai,Tamil Nadu,Gearboxes,13563,11,0.92,3.5,24
S0706,Supplier 0706 Manufacturing,Delhi,Delhi,Steel Brackets,18064,9,0.84,3.2,20
S0707,Supplier 0707 Manufacturing,Kolkata,West Bengal,Conveyor Belts,5644,29,0.69,4.7,8
S0708,Supplier 0708 Manufacturing,Kolkata,West Bengal,Ball Valves,16933,15,0.85,3.1,10
S0709,Supplier 0709 Manufacturing,Hyderabad,Telangana,Gearboxes,4798,29,0.82,3.5,3
S0710,Supplier 0710 Manufacturing,Kolkata,West Bengal,Steel Brackets,3631,26,0.72,3.8,20
S0711,Supplier 0711 Manufacturing,Nagpur,Maharashtra,Sheet Metal Parts,12839,12,0.62,3.4,14
S0712,Supplier 0712 Manufacturing,Nagpur,Maharashtra,Industrial Pumps,13520,27,0.5,3.7,19
S0713,Supplier 0713 Manufacturing,Mumbai,Maharashtra,Steel Brackets,7305,30,0.94,4.2,3
S0714,Supplier 0714 Manufacturing,Chennai,Tamil Nadu,Electric Motors,13995,12,0.82,4.7,2
S0715,Supplier 0715 Manufacturing,Bengaluru,Karnataka,Sheet Metal Parts,16326,19,0.7,4.5,24
S0716,Supplier 0716 Manufacturing,Nashik,Maharashtra,Industrial Pumps,5811,19,0.82,3.3,15
S0717,Supplier 0717 Manufacturing,Kolkata,West Bengal,Sheet Metal Parts,5083,26,0.9,3.8,1
S0718,Supplier 0718 Manufacturing,Nashik,Maharashtra,Steel Brackets,10009,19,0.78,4.6,23
S0719,Supplier 0719 Manufacturing,Hyderabad,Telangana,Steel Brackets,5426,18,0.39,5.0,10
S0720,Supplier 0720 Manufacturing,Delhi,Delhi,Hydraulic Cylinders,962,9,0.52,4.6,14
S0721,Supplier 0721 Manufacturing,Mumbai,Maharashtra,Steel Brackets,17615,21,0.76,3.8,19
S0722,Supplier 0722 Manufacturing,Mumbai,Maharashtra,Industrial Pumps,4988,19,0.86,3.9,16
S0723,Supplier 0723 Manufacturing,Kolkata,West Bengal,Hydraulic Cylinders,17889,5,0.91,4.7,6
S0724,Supplier 0724 Manufacturing,Bengaluru,Karnataka,Sheet Metal Parts,11837,26,0.62,4.2,7
S0725,Supplier 0725 Manufacturing,Bengaluru,Karnataka,Ball Valves,12587,11,0.67,3.0,9
S0726,Supplier 0726 Manufacturing,Ahmedabad,Gujarat,Electric Motors,2375,21,0.87,4.7,16
S0727,Supplier 0727 Manufacturing,Mumbai,Maharashtra,Industrial Pumps,15028,23,0.8,3.6,18
S0728,Supplier 0728 Manufacturing,Hyderabad,Telangana,Gearboxes,2514,5,0.47,4.5,5
S0729,Supplier 0729 Manufacturing,Mumbai,Maharashtra,Hydraulic Cylinders,15778,21,0.88,3.2,15
S0730,Supplier 0730 Manufacturing,Nashik,Maharashtra,Hydraulic Cylinders,19870,23,0.96,4.5,1
S0731,Supplier 0731 Manufacturing,Ahmedabad,Gujarat,Conveyor Belts,4849,12,0.38,4.4,6
S0732,Supplier 0732 Manufacturing,Ahmedabad,Gujarat,Sheet Metal Parts,9168,5,0.66,4.2,12
S0733,Supplier 0733 Manufacturing,Kolkata,West Bengal,Electric Motors,3473,19,0.84,3.5,15
S0734,Supplier 0734 Manufacturing,Bengaluru,Karnataka,Hydraulic Cylinders,18973,15,0.76,4.8,11
S0735,Supplier 0735 Manufacturing,Chennai,Tamil Nadu,Steel Brackets,1212,17,0.86,3.9,19
S0736,Supplier 0736 Manufacturing,Hyderabad,Telangana,Gearboxes,9326,21,0.6,3.1,17
S0737,Supplier 0737 Manufacturing,Bengaluru,Karnataka,Industrial Pumps,3462,12,0.85,3.3,12
S0738,Supplier 0738 Manufacturing,Mumbai,Maharashtra,Steel Brackets,8239,30,0.48,3.2,8
S0739,Supplier 0739 Manufacturing,Mumbai,Maharashtra,Sheet Metal Parts,18516,24,0.6,3.4,16
S0740,Supplier 0740 Manufacturing,Kolkata,West Bengal,Ball Valves,11866,18,0.77,4.9,1
S0741,Supplier 0741 Manufacturing,Kolkata,West Bengal,Industrial Pumps,13547,5,0.76,3.3,7
S0742,Supplier 0742 Manufacturing,Hyderabad,Telangana,Steel Brackets,14449,7,0.53,3.8,16
S0743,Supplier 0743 Manufacturing,Kolkata,West Bengal,Ball Valves,15734,28,0.4,4.4,4
S0744,Supplier 0744 Manufacturing,Ahmedabad,Gujarat,Ball Valves,15254,19,0.58,3.9,11
S0745,Supplier 0745 Manufacturing,Chennai,Tamil Nadu,Electric Motors,1805,6,0.9,3.9,2
S0746,Supplier 0746 Manufacturing,Ahmedabad,Gujarat,Industrial Pumps,4159,14,0.81,4.1,13
S0747,Supplier 0747 Manufacturing,Nashik,Maharashtra,Sheet Metal Parts,14626,11,0.57,3.9,20
S0748,Supplier 0748 Manufacturing,Pune,Maharashtra,Steel Brackets,3813,15,0.67,4.5,11
S0749,Supplier 0749 Manufacturing,Kolkata,West Bengal,Conveyor Belts,2100,14,0.71,3.4,14
S0750,Supplier 0750 Manufacturing,Delhi,Delhi,Industrial Pumps,14076,24,0.43,3.5,20
S0751,Supplier 0751 Manufacturing,Chennai,Tamil Nadu,Industrial Pumps,11737,13,0.55,4.6,5
S0752,Supplier 0752 Manufacturing,Nagpur,Maharashtra,Ball Valves,16442,20,0.97,3.2,24
S0753,Supplier 0753 Manufacturing,Pune,Maharashtra,Electric Motors,18733,26,0.66,3.5,18
S0754,Supplier 0754 Manufacturing,Delhi,Delhi,Ball Valves,19202,12,0.46,3.3,25
S0755,Supplier 0755 Manufacturing,Chennai,Tamil Nadu,Electric Motors,15227,8,0.93,3.4,10
S0756,Supplier 0756 Manufacturing,Mumbai,Maharashtra,Gearboxes,19510,23,0.61,3.8,7
S0757,Supplier 0757 Manufacturing,Bengaluru,Karnataka,Industrial Pumps,13257,20,0.67,3.4,6
S0758,Supplier 0758 Manufacturing,Pune,Maharashtra,Conveyor Belts,19426,17,0.64,4.4,15
S0759,Supplier 0759 Manufacturing,Bengaluru,Karnataka,Steel Brackets,8523,17,0.8,3.1,24
S0760,Supplier 0760 Manufacturing,Hyderabad,Telangana,Electric Motors,18107,6,0.8,4.2,18
S0761,Supplier 0761 Manufacturing,Ahmedabad,Gujarat,Ball Valves,6036,14,0.61,3.7,8
S0762,Supplier 0762 Manufacturing,Delhi,Delhi,Electric Motors,11721,12,0.78,3.7,15
S0763,Supplier 0763 Manufacturing,Nagpur,Maharashtra,Electric Motors,16074,25,0.63,3.6,24
S0764,Supplier 0764 Manufacturing,Kolkata,West Bengal,Gearboxes,16129,22,0.92,4.9,21
S0765,Supplier 0765 Manufacturing,Nashik,Maharashtra,Sheet Metal Parts,6247,18,0.92,3.0,3
S0766,Supplier 0766 Manufacturing,Chennai,Tamil Nadu,Industrial Pumps,17674,10,0.82,3.7,2
S0767,Supplier 0767 Manufacturing,Delhi,Delhi,Conveyor Belts,8890,28,0.82,4.4,21
S0768,Supplier 0768 Manufacturing,Ahmedabad,Gujarat,Electric Motors,3493,26,0.47,4.7,3
S0769,Supplier 0769 Manufacturing,Nagpur,Maharashtra,Sheet Metal Parts,15713,6,0.69,4.6,11
S0770,Supplier 0770 Manufacturing,Nagpur,Maharashtra,Gearboxes,4154,26,0.91,4.6,7
S0771,Supplier 0771 Manufacturing,Kolkata,West Bengal,Conveyor Belts,11678,11,0.78,4.0,21
S0772,Supplier 0772 Manufacturing,Hyderabad,Telangana,Electric Motors,3598,30,0.63,4.3,18
S0773,Supplier 0773 Manufacturing,Kolkata,West Bengal,Electric Motors,10986,27,0.68,3.2,10
S0774,Supplier 0774 Manufacturing,Hyderabad,Telangana,Electric Motors,7994,11,0.65,4.7,10
S0775,Supplier 0775 Manufacturing,Hyderabad,Telangana,Gearboxes,685,27,0.94,3.1,14
S0776,Supplier 0776 Manufacturing,Bengaluru,Karnataka,Industrial Pumps,11046,16,0.85,3.7,18
S0777,Supplier 0777 Manufacturing,Chennai,Tamil Nadu,Conveyor Belts,9679,22,0.72,3.1,2
S0778,Supplier 0778 Manufacturing,Ahmedabad,Gujarat,Conveyor Belts,18910,5,0.63,3.7,18
S0779,Supplier 0779 Manufacturing,Chennai,Tamil Nadu,Hydraulic Cylinders,11412,9,0.78,4.4,9
S0780,Supplier 0780 Manufacturing,Pune,Maharashtra,Hydraulic Cylinders,18155,18,0.53,3.7,3
S0781,Supplier 0781 Manufacturing,Chennai,Tamil Nadu,Steel Brackets,11327,5,0.46,4.2,15
S0782,Supplier 0782 Manufacturing,Delhi,Delhi,Hydraulic Cylinders,17944,17,0.76,3.4,19
S0783,Supplier 0783 Manufacturing,Pune,Maharashtra,Steel Brackets,18197,14,0.95,3.7,11
S0784,Supplier 0784 Manufacturing,Ahmedabad,Gujarat,Conveyor Belts,7618,27,0.57,3.3,15
S0785,Supplier 0785 Manufacturing,Delhi,Delhi,Gearboxes,2112,17,0.63,3.4,25
S0786,Supplier 0786 Manufacturing,Nagpur,Maharashtra,Hydraulic Cylinders,10883,16,0.47,5.0,17
S0787,Supplier 0787 Manufacturing,Mumbai,Maharashtra,Hydraulic Cylinders,12309,12,0.88,3.9,21
S0788,Supplier 0788 Manufacturing,Delhi,Delhi,Steel Brackets,19000,3,0.43,3.3,23
S0789,Supplier 0789 Manufacturing,Nashik,Maharashtra,Steel Brackets,17493,7,0.82,4.6,6
S0790,Supplier 0790 Manufacturing,Bengaluru,Karnataka,Industrial Pumps,1346,13,0.37,3.9,24
S0791,Supplier 0791 Manufacturing,Kolkata,West Bengal,Steel Brackets,5682,6,0.36,4.8,3
S0792,Supplier 0792 Manufacturing,Chennai,Tamil Nadu,Electric Motors,4700,13,0.76,3.7,20
S0793,Supplier 0793 Manufacturing,Hyderabad,Telangana,Electric Motors,3948,10,0.49,3.4,22
S0794,Supplier 0794 Manufacturing,Pune,Maharashtra,Gearboxes,2073,28,0.47,3.4,5
S0795,Supplier 0795 Manufacturing,Ahmedabad,Gujarat,Sheet Metal Parts,4360,26,0.53,4.5,11
S0796,Supplier 0796 Manufacturing,Mumbai,Maharashtra,Hydraulic Cylinders,14476,23,0.37,4.1,4
S0797,Supplier 0797 Manufacturing,Ahmedabad,Gujarat,Steel Brackets,11890,12,0.64,4.1,3
S0798,Supplier 0798 Manufacturing,Kolkata,West Bengal,Conveyor Belts,17895,8,0.59,3.2,6
S0799,Supplier 0799 Manufacturing,Ahmedabad,Gujarat,Industrial Pumps,2953,11,0.8,4.3,7
S0800,Supplier 0800 Manufacturing,Delhi,Delhi,Hydraulic Cylinders,2811,10,0.96,3.6,13
S0801,Supplier 0801 Manufacturing,Ahmedabad,Gujarat,Hydraulic Cylinders,852,23,0.42,3.6,4
S0802,Supplier 0802 Manufacturing,Ahmedabad,Gujarat,Ball Valves,15787,16,0.72,4.8,23
S0803,Supplier 0803 Manufacturing,Hyderabad,Telangana,Industrial Pumps,3946,30,0.84,4.7,24
S0804,Supplier 0804 Manufacturing,Chennai,Tamil Nadu,Conveyor Belts,19694,18,0.49,3.9,9
S0805,Supplier 0805 Manufacturing,Mumbai,Maharashtra,Ball Valves,19362,6,0.42,4.5,12
S0806,Supplier 0806 Manufacturing,Pune,Maharashtra,Hydraulic Cylinders,3737,12,0.93,4.6,24
S0807,Supplier 0807 Manufacturing,Ahmedabad,Gujarat,Steel Brackets,7360,20,0.84,4.1,11
S0808,Supplier 0808 Manufacturing,Mumbai,Maharashtra,Gearboxes,10753,22,0.66,3.4,13
S0809,Supplier 0809 Manufacturing,Chennai,Tamil Nadu,Hydraulic Cylinders,5717,8,0.55,3.2,19
S0810,Supplier 0810 Manufacturing,Nagpur,Maharashtra,Gearboxes,9130,7,0.8,4.1,13
S0811,Supplier 0811 Manufacturing,Mumbai,Maharashtra,Hydraulic Cylinders,7867,17,0.87,3.5,5
S0812,Supplier 0812 Manufacturing,Pune,Maharashtra,Sheet Metal Parts,14883,16,0.7,5.0,7
S0813,Supplier 0813 Manufacturing,Delhi,Delhi,Hydraulic Cylinders,18206,14,0.4,4.4,11
S0814,Supplier 0814 Manufacturing,Pune,Maharashtra,Sheet Metal Parts,14848,18,0.72,3.1,6
S0815,Supplier 0815 Manufacturing,Nashik,Maharashtra,Ball Valves,12113,5,0.95,3.6,9
S0816,Supplier 0816 Manufacturing,Kolkata,West Bengal,Gearboxes,5226,27,0.69,4.4,11
S0817,Supplier 0817 Manufacturing,Mumbai,Maharashtra,Ball Valves,17859,16,0.81,4.5,8
S0818,Supplier 0818 Manufacturing,Nashik,Maharashtra,Hydraulic Cylinders,6496,6,0.55,3.4,14
S0819,Supplier 0819 Manufacturing,Mumbai,Maharashtra,Hydraulic Cylinders,15302,27,0.41,3.5,20
S0820,Supplier 0820 Manufacturing,Kolkata,West Bengal,Industrial Pumps,652,13,0.59,3.1,19
S0821,Supplier 0821 Manufacturing,Nashik,Maharashtra,Steel Brackets,15085,3,0.74,4.9,4
S0822,Supplier 0822 Manufacturing,Nashik,Maharashtra,Hydraulic Cylinders,15398,24,0.7,3.8,15
S0823,Supplier 0823 Manufacturing,Delhi,Delhi,Sheet Metal Parts,6671,28,0.6,3.7,16
S0824,Supplier 0824 Manufacturing,Hyderabad,Telangana,Gearboxes,12855,5,0.66,4.0,11
S0825,Supplier 0825 Manufacturing,Kolkata,West Bengal,Industrial Pumps,2046,12,0.59,3.7,18
S0826,Supplier 0826 Manufacturing,Pune,Maharashtra,Conveyor Belts,3732,17,0.95,4.8,23
S0827,Supplier 0827 Manufacturing,Mumbai,Maharashtra,Electric Motors,655,10,0.77,4.8,11
S0828,Supplier 0828 Manufacturing,Nashik,Maharashtra,Steel Brackets,8566,22,0.77,4.8,14
S0829,Supplier 0829 Manufacturing,Hyderabad,Telangana,Industrial Pumps,15217,7,0.77,3.4,21
S0830,Supplier 0830 Manufacturing,Kolkata,West Bengal,Hydraulic Cylinders,5984,26,0.51,4.4,23
S0831,Supplier 0831 Manufacturing,Kolkata,West Bengal,Sheet Metal Parts,7079,7,0.68,3.1,16
S0832,Supplier 0832 Manufacturing,Mumbai,Maharashtra,Ball Valves,8421,16,0.74,3.9,5
S0833,Supplier 0833 Manufacturing,Ahmedabad,Gujarat,Steel Brackets,11972,17,0.48,4.3,13
S0834,Supplier 0834 Manufacturing,Chennai,Tamil Nadu,Ball Valves,8553,22,0.68,4.1,5
S0835,Supplier 0835 Manufacturing,Delhi,Delhi,Industrial Pumps,12991,3,0.7,4.6,25
S0836,Supplier 0836 Manufacturing,Delhi,Delhi,Sheet Metal Parts,8693,14,0.97,4.3,16
S0837,Supplier 0837 Manufacturing,Nashik,Maharashtra,Gearboxes,8928,8,0.58,3.0,10
S0838,Supplier 0838 Manufacturing,Kolkata,West Bengal,Conveyor Belts,13680,7,0.88,3.7,13
S0839,Supplier 0839 Manufacturing,Hyderabad,Telangana,Steel Brackets,17864,9,0.5,4.4,19
S0840,Supplier 0840 Manufacturing,Ahmedabad,Gujarat,Conveyor Belts,13372,7,0.65,4.1,15
S0841,Supplier 0841 Manufacturing,Pune,Maharashtra,Conveyor Belts,13147,21,0.77,3.5,24
S0842,Supplier 0842 Manufacturing,Mumbai,Maharashtra,Ball Valves,1203,3,0.93,4.7,11
S0843,Supplier 0843 Manufacturing,Delhi,Delhi,Electric Motors,2663,14,0.74,3.6,15
S0844,Supplier 0844 Manufacturing,Kolkata,West Bengal,Gearboxes,5686,20,0.7,3.9,9
S0845,Supplier 0845 Manufacturing,Bengaluru,Karnataka,Sheet Metal Parts,19665,21,0.46,4.8,16
S0846,Supplier 0846 Manufacturing,Ahmedabad,Gujarat,Ball Valves,12123,22,0.97,4.0,20
S0847,Supplier 0847 Manufacturing,Ahmedabad,Gujarat,Sheet Metal Parts,14686,13,0.38,4.5,25
S0848,Supplier 0848 Manufacturing,Ahmedabad,Gujarat,Gearboxes,11498,14,0.86,4.7,14
S0849,Supplier 0849 Manufacturing,Chennai,Tamil Nadu,Ball Valves,10940,30,0.67,3.2,5
S0850,Supplier 0850 Manufacturing,Nashik,Maharashtra,Conveyor Belts,3363,30,0.4,4.4,24
S0851,Supplier 0851 Manufacturing,Pune,Maharashtra,Steel Brackets,7037,26,0.93,3.4,23
S0852,Supplier 0852 Manufacturing,Pune,Maharashtra,Ball Valves,13177,13,0.74,3.4,7
S0853,Supplier 0853 Manufacturing,Kolkata,West Bengal,Conveyor Belts,4563,25,0.83,3.4,11
S0854,Supplier 0854 Manufacturing,Kolkata,West Bengal,Electric Motors,7651,16,0.51,3.7,8
S0855,Supplier 0855 Manufacturing,Chennai,Tamil Nadu,Industrial Pumps,3391,13,0.72,4.8,12
S0856,Supplier 0856 Manufacturing,Nashik,Maharashtra,Industrial Pumps,12063,16,0.64,3.9,13
S0857,Supplier 0857 Manufacturing,Bengaluru,Karnataka,Gearboxes,5395,15,0.58,3.9,22
S0858,Supplier 0858 Manufacturing,Hyderabad,Telangana,Sheet Metal Parts,5411,11,0.56,3.0,13
S0859,Supplier 0859 Manufacturing,Nagpur,Maharashtra,Sheet Metal Parts,14683,16,0.95,3.3,22
S0860,Supplier 0860 Manufacturing,Chennai,Tamil Nadu,Electric Motors,5135,10,0.68,4.0,7
S0861,Supplier 0861 Manufacturing,Nagpur,Maharashtra,Steel Brackets,17855,12,0.56,3.7,23
S0862,Supplier 0862 Manufacturing,Bengaluru,Karnataka,Gearboxes,8564,9,0.95,4.4,11
S0863,Supplier 0863 Manufacturing,Chennai,Tamil Nadu,Industrial Pumps,10771,19,0.9,3.8,5
S0864,Supplier 0864 Manufacturing,Pune,Maharashtra,Sheet Metal Parts,8580,10,0.75,3.7,20
S0865,Supplier 0865 Manufacturing,Pune,Maharashtra,Conveyor Belts,17654,28,0.67,3.5,13
S0866,Supplier 0866 Manufacturing,Hyderabad,Telangana,Ball Valves,12579,17,0.84,5.0,15
S0867,Supplier 0867 Manufacturing,Bengaluru,Karnataka,Industrial Pumps,4560,4,0.9,4.1,12
S0868,Supplier 0868 Manufacturing,Bengaluru,Karnataka,Gearboxes,6332,13,0.74,4.5,21
S0869,Supplier 0869 Manufacturing,Nashik,Maharashtra,Ball Valves,17630,8,0.94,3.5,25
S0870,Supplier 0870 Manufacturing,Kolkata,West Bengal,Gearboxes,13475,25,0.45,4.6,7
S0871,Supplier 0871 Manufacturing,Delhi,Delhi,Sheet Metal Parts,1889,4,0.49,3.5,5
S0872,Supplier 0872 Manufacturing,Hyderabad,Telangana,Industrial Pumps,17219,27,0.53,3.0,23
S0873,Supplier 0873 Manufacturing,Bengaluru,Karnataka,Steel Brackets,13514,9,0.45,3.0,21
S0874,Supplier 0874 Manufacturing,Ahmedabad,Gujarat,Sheet Metal Parts,1444,17,0.73,4.3,17
S0875,Supplier 0875 Manufacturing,Ahmedabad,Gujarat,Conveyor Belts,19939,29,0.54,3.9,21
S0876,Supplier 0876 Manufacturing,Bengaluru,Karnataka,Sheet Metal Parts,13304,22,0.82,4.8,16
S0877,Supplier 0877 Manufacturing,Hyderabad,Telangana,Steel Brackets,3686,4,0.58,4.3,14
S0878,Supplier 0878 Manufacturing,Pune,Maharashtra,Sheet Metal Parts,6220,3,0.42,4.4,15
S0879,Supplier 0879 Manufacturing,Hyderabad,Telangana,Sheet Metal Parts,14014,8,0.96,4.2,2
S0880,Supplier 0880 Manufacturing,Pune,Maharashtra,Industrial Pumps,18955,29,0.89,4.1,23
S0881,Supplier 0881 Manufacturing,Bengaluru,Karnataka,Hydraulic Cylinders,18555,20,0.44,4.5,12
S0882,Supplier 0882 Manufacturing,Hyderabad,Telangana,Hydraulic Cylinders,14646,5,0.73,4.8,11
S0883,Supplier 0883 Manufacturing,Delhi,Delhi,Gearboxes,3178,29,0.61,3.2,17
S0884,Supplier 0884 Manufacturing,Hyderabad,Telangana,Conveyor Belts,19407,14,0.82,4.4,4
S0885,Supplier 0885 Manufacturing,Kolkata,West Bengal,Ball Valves,16726,7,0.93,4.4,10
S0886,Supplier 0886 Manufacturing,Mumbai,Maharashtra,Conveyor Belts,1270,3,0.37,3.2,6
S0887,Supplier 0887 Manufacturing,Ahmedabad,Gujarat,Gearboxes,19822,18,0.75,4.2,22
S0888,Supplier 0888 Manufacturing,Mumbai,Maharashtra,Gearboxes,19738,22,0.9,4.9,22
S0889,Supplier 0889 Manufacturing,Mumbai,Maharashtra,Conveyor Belts,3580,17,0.59,3.7,20
S0890,Supplier 0890 Manufacturing,Nashik,Maharashtra,Industrial Pumps,17090,17,0.39,3.4,9
S0891,Supplier 0891 Manufacturing,Hyderabad,Telangana,Ball Valves,5572,29,0.4,4.0,8
S0892,Supplier 0892 Manufacturing,Nashik,Maharashtra,Conveyor Belts,11643,30,0.78,4.7,8
S0893,Supplier 0893 Manufacturing,Mumbai,Maharashtra,Gearboxes,16020,4,0.53,4.1,14
S0894,Supplier 0894 Manufacturing,Chennai,Tamil Nadu,Gearboxes,17117,10,0.92,4.8,4
S0895,Supplier 0895 Manufacturing,Chennai,Tamil Nadu,Hydraulic Cylinders,18763,11,0.65,4.9,22
S0896,Supplier 0896 Manufacturing,Nashik,Maharashtra,Electric Motors,4865,26,0.79,3.0,2
S0897,Supplier 0897 Manufacturing,Chennai,Tamil Nadu,Sheet Metal Parts,7516,6,0.46,4.1,21
S0898,Supplier 0898 Manufacturing,Delhi,Delhi,Electric Motors,13816,4,0.82,3.1,11
S0899,Supplier 0899 Manufacturing,Nashik,Maharashtra,Sheet Metal Parts,17196,16,0.76,4.5,6
S0900,Supplier 0900 Manufacturing,Pune,Maharashtra,Gearboxes,2673,20,0.4,4.8,5
S0901,Supplier 0901 Manufacturing,Hyderabad,Telangana,Steel Brackets,15878,13,0.41,4.0,11
S0902,Supplier 0902 Manufacturing,Bengaluru,Karnataka,Gearboxes,9626,11,0.73,4.3,7
S0903,Supplier 0903 Manufacturing,Delhi,Delhi,Hydraulic Cylinders,6499,23,0.86,3.7,13
S0904,Supplier 0904 Manufacturing,Kolkata,West Bengal,Gearboxes,607,5,0.47,4.9,16
S0905,Supplier 0905 Manufacturing,Hyderabad,Telangana,Hydraulic Cylinders,4413,7,0.46,3.7,2
S0906,Supplier 0906 Manufacturing,Ahmedabad,Gujarat,Steel Brackets,3642,26,0.78,3.4,22
S0907,Supplier 0907 Manufacturing,Pune,Maharashtra,Hydraulic Cylinders,7704,8,0.86,4.7,7
S0908,Supplier 0908 Manufacturing,Nashik,Maharashtra,Steel Brackets,7720,11,0.42,3.5,10
S0909,Supplier 0909 Manufacturing,Nashik,Maharashtra,Gearboxes,12957,3,0.69,3.5,22
S0910,Supplier 0910 Manufacturing,Mumbai,Maharashtra,Gearboxes,6017,28,0.6,3.4,12
S0911,Supplier 0911 Manufacturing,Mumbai,Maharashtra,Sheet Metal Parts,1216,15,0.71,3.7,1
S0912,Supplier 0912 Manufacturing,Ahmedabad,Gujarat,Sheet Metal Parts,5680,8,0.49,4.2,17
S0913,Supplier 0913 Manufacturing,Chennai,Tamil Nadu,Steel Brackets,10106,7,0.89,3.6,6
S0914,Supplier 0914 Manufacturing,Delhi,Delhi,Ball Valves,2208,21,0.76,4.6,24
S0915,Supplier 0915 Manufacturing,Pune,Maharashtra,Conveyor Belts,3024,5,0.84,3.5,6
S0916,Supplier 0916 Manufacturing,Pune,Maharashtra,Industrial Pumps,13404,7,0.46,3.9,5
S0917,Supplier 0917 Manufacturing,Nashik,Maharashtra,Ball Valves,8633,8,0.75,4.5,3
S0918,Supplier 0918 Manufacturing,Kolkata,West Bengal,Hydraulic Cylinders,19422,25,0.88,3.8,9
S0919,Supplier 0919 Manufacturing,Ahmedabad,Gujarat,Hydraulic Cylinders,1282,13,0.66,4.5,7
S0920,Supplier 0920 Manufacturing,Delhi,Delhi,Sheet Metal Parts,8787,18,0.6,4.4,12
S0921,Supplier 0921 Manufacturing,Nashik,Maharashtra,Ball Valves,10180,14,0.38,3.9,13
S0922,Supplier 0922 Manufacturing,Pune,Maharashtra,Ball Valves,5282,26,0.8,3.5,1
S0923,Supplier 0923 Manufacturing,Mumbai,Maharashtra,Sheet Metal Parts,16474,16,0.83,3.1,25
S0924,Supplier 0924 Manufacturing,Delhi,Delhi,Industrial Pumps,1942,12,0.36,3.3,14
S0925,Supplier 0925 Manufacturing,Mumbai,Maharashtra,Conveyor Belts,15845,8,0.93,4.0,3
S0926,Supplier 0926 Manufacturing,Chennai,Tamil Nadu,Electric Motors,11252,19,0.54,4.9,13
S0927,Supplier 0927 Manufacturing,Delhi,Delhi,Conveyor Belts,8650,17,0.92,4.9,23
S0928,Supplier 0928 Manufacturing,Hyderabad,Telangana,Gearboxes,5547,16,0.65,3.1,12
S0929,Supplier 0929 Manufacturing,Nagpur,Maharashtra,Conveyor Belts,13781,16,0.89,3.6,20
S0930,Supplier 0930 Manufacturing,Mumbai,Maharashtra,Ball Valves,3190,5,0.85,3.0,18
S0931,Supplier 0931 Manufacturing,Bengaluru,Karnataka,Hydraulic Cylinders,19243,5,0.38,4.8,11
S0932,Supplier 0932 Manufacturing,Delhi,Delhi,Steel Brackets,13307,29,0.98,3.2,19
S0933,Supplier 0933 Manufacturing,Delhi,Delhi,Electric Motors,1549,15,0.89,4.3,23
S0934,Supplier 0934 Manufacturing,Bengaluru,Karnataka,Conveyor Belts,8386,17,0.44,3.3,3
S0935,Supplier 0935 Manufacturing,Nashik,Maharashtra,Ball Valves,9756,27,0.56,3.6,8
S0936,Supplier 0936 Manufacturing,Mumbai,Maharashtra,Industrial Pumps,1528,29,0.89,3.5,6
S0937,Supplier 0937 Manufacturing,Nashik,Maharashtra,Industrial Pumps,5879,11,0.61,4.0,11
S0938,Supplier 0938 Manufacturing,Chennai,Tamil Nadu,Electric Motors,7127,26,0.46,3.1,1
S0939,Supplier 0939 Manufacturing,Kolkata,West Bengal,Conveyor Belts,14752,27,0.95,4.6,15
S0940,Supplier 0940 Manufacturing,Nagpur,Maharashtra,Conveyor Belts,10827,29,0.72,3.9,10
S0941,Supplier 0941 Manufacturing,Pune,Maharashtra,Gearboxes,2065,5,0.86,3.5,18
S0942,Supplier 0942 Manufacturing,Delhi,Delhi,Gearboxes,18874,26,0.56,4.1,7
S0943,Supplier 0943 Manufacturing,Chennai,Tamil Nadu,Industrial Pumps,3759,7,0.94,4.5,6
S0944,Supplier 0944 Manufacturing,Mumbai,Maharashtra,Industrial Pumps,8349,5,0.84,4.6,9
S0945,Supplier 0945 Manufacturing,Kolkata,West Bengal,Sheet Metal Parts,17237,6,0.65,4.2,3
S0946,Supplier 0946 Manufacturing,Mumbai,Maharashtra,Ball Valves,5817,7,0.57,4.0,23
S0947,Supplier 0947 Manufacturing,Chennai,Tamil Nadu,Ball Valves,7930,29,0.76,4.8,16
S0948,Supplier 0948 Manufacturing,Bengaluru,Karnataka,Gearboxes,743,13,0.89,3.2,4
S0949,Supplier 0949 Manufacturing,Mumbai,Maharashtra,Industrial Pumps,10337,24,0.96,3.3,9
S0950,Supplier 0950 Manufacturing,Ahmedabad,Gujarat,Gearboxes,1244,3,0.97,3.7,23
S0951,Supplier 0951 Manufacturing,Ahmedabad,Gujarat,Hydraulic Cylinders,10930,6,0.47,3.4,3
S0952,Supplier 0952 Manufacturing,Kolkata,West Bengal,Ball Valves,18487,21,0.9,4.1,18
S0953,Supplier 0953 Manufacturing,Pune,Maharashtra,Ball Valves,16129,4,0.65,3.7,18
S0954,Supplier 0954 Manufacturing,Nashik,Maharashtra,Steel Brackets,19145,25,0.9,4.3,1
S0955,Supplier 0955 Manufacturing,Ahmedabad,Gujarat,Conveyor Belts,16643,20,0.5,3.9,20
S0956,Supplier 0956 Manufacturing,Chennai,Tamil Nadu,Industrial Pumps,4255,15,0.72,4.5,23
S0957,Supplier 0957 Manufacturing,Pune,Maharashtra,Conveyor Belts,8691,26,0.38,3.1,13
S0958,Supplier 0958 Manufacturing,Delhi,Delhi,Ball Valves,950,16,0.42,3.4,5
S0959,Supplier 0959 Manufacturing,Kolkata,West Bengal,Electric Motors,15029,24,0.48,4.3,7
S0960,Supplier 0960 Manufacturing,Hyderabad,Telangana,Sheet Metal Parts,5697,4,0.84,4.7,24
S0961,Supplier 0961 Manufacturing,Hyderabad,Telangana,Industrial Pumps,16006,28,0.83,3.1,15
S0962,Supplier 0962 Manufacturing,Chennai,Tamil Nadu,Conveyor Belts,14856,7,0.36,3.5,16
S0963,Supplier 0963 Manufacturing,Kolkata,West Bengal,Electric Motors,13728,3,0.39,4.9,4
S0964,Supplier 0964 Manufacturing,Nagpur,Maharashtra,Steel Brackets,16786,19,0.35,4.9,11
S0965,Supplier 0965 Manufacturing,Hyderabad,Telangana,Hydraulic Cylinders,3648,15,0.65,3.4,8
S0966,Supplier 0966 Manufacturing,Kolkata,West Bengal,Industrial Pumps,2999,6,0.71,3.3,14
S0967,Supplier 0967 Manufacturing,Mumbai,Maharashtra,Ball Valves,18475,17,0.8,3.4,7
S0968,Supplier 0968 Manufacturing,Nagpur,Maharashtra,Gearboxes,4441,11,0.76,4.8,7
S0969,Supplier 0969 Manufacturing,Ahmedabad,Gujarat,Conveyor Belts,1947,18,0.78,4.1,22
S0970,Supplier 0970 Manufacturing,Bengaluru,Karnataka,Hydraulic Cylinders,15322,20,0.79,3.1,4
S0971,Supplier 0971 Manufacturing,Chennai,Tamil Nadu,Industrial Pumps,15228,10,0.74,3.1,24
S0972,Supplier 0972 Manufacturing,Nashik,Maharashtra,Gearboxes,4056,5,0.83,3.4,5
S0973,Supplier 0973 Manufacturing,Nagpur,Maharashtra,Conveyor Belts,15214,16,0.46,4.7,15
S0974,Supplier 0974 Manufacturing,Kolkata,West Bengal,Sheet Metal Parts,3482,30,0.72,4.6,5
S0975,Supplier 0975 Manufacturing,Nagpur,Maharashtra,Steel Brackets,2231,19,0.46,4.8,5
S0976,Supplier 0976 Manufacturing,Mumbai,Maharashtra,Hydraulic Cylinders,17705,20,0.41,3.5,18
S0977,Supplier 0977 Manufacturing,Delhi,Delhi,Steel Brackets,7725,25,0.75,4.0,20
S0978,Supplier 0978 Manufacturing,Ahmedabad,Gujarat,Hydraulic Cylinders,1481,4,0.83,4.6,25
S0979,Supplier 0979 Manufacturing,Pune,Maharashtra,Industrial Pumps,5407,14,0.55,4.3,17
S0980,Supplier 0980 Manufacturing,Nagpur,Maharashtra,Industrial Pumps,10792,15,0.65,4.0,15
S0981,Supplier 0981 Manufacturing,Delhi,Delhi,Gearboxes,11816,23,0.57,3.7,17
S0982,Supplier 0982 Manufacturing,Delhi,Delhi,Hydraulic Cylinders,12609,24,0.38,3.6,6
S0983,Supplier 0983 Manufacturing,Kolkata,West Bengal,Steel Brackets,4621,5,0.39,4.6,4
S0984,Supplier 0984 Manufacturing,Delhi,Delhi,Conveyor Belts,12889,25,0.83,4.1,3
S0985,Supplier 0985 Manufacturing,Kolkata,West Bengal,Electric Motors,13857,12,0.45,3.5,14
S0986,Supplier 0986 Manufacturing,Nashik,Maharashtra,Hydraulic Cylinders,12744,27,0.53,4.7,6
S0987,Supplier 0987 Manufacturing,Mumbai,Maharashtra,Sheet Metal Parts,12862,12,0.61,3.6,10
S0988,Supplier 0988 Manufacturing,Bengaluru,Karnataka,Industrial Pumps,9992,24,0.75,5.0,10
S0989,Supplier 0989 Manufacturing,Kolkata,West Bengal,Electric Motors,19738,13,0.91,3.2,24
S0990,Supplier 0990 Manufacturing,Nagpur,Maharashtra,Sheet Metal Parts,17742,17,0.8,4.6,18
S0991,Supplier 0991 Manufacturing,Delhi,Delhi,Sheet Metal Parts,7603,7,0.61,3.6,8
S0992,Supplier 0992 Manufacturing,Nagpur,Maharashtra,Sheet Metal Parts,11229,15,0.41,4.9,14
S0993,Supplier 0993 Manufacturing,Pune,Maharashtra,Conveyor Belts,12863,13,0.65,4.4,9
S0994,Supplier 0994 Manufacturing,Nagpur,Maharashtra,Ball Valves,4536,30,0.68,4.5,10
S0995,Supplier 0995 Manufacturing,Chennai,Tamil Nadu,Hydraulic Cylinders,1364,21,0.44,5.0,7
S0996,Supplier 0996 Manufacturing,Chennai,Tamil Nadu,Electric Motors,11483,13,0.61,3.2,2
S0997,Supplier 0997 Manufacturing,Kolkata,West Bengal,Ball Valves,4317,26,0.43,4.6,1
S0998,Supplier 0998 Manufacturing,Hyderabad,Telangana,Ball Valves,1393,15,0.45,3.9,11
S0999,Supplier 0999 Manufacturing,Chennai,Tamil Nadu,Gearboxes,18895,23,0.92,4.2,17
S1000,Supplier 1000 Manufacturing,Delhi,Delhi,Sheet Metal Parts,18531,26,0.91,3.3,2
